artist_id,artist_name,tier,track_id,track_name,album_name,release_date,popularity,duration_ms,explicit,danceability,energy,key,loudness,mode,speechiness,acousticness,instrumentalness,liveness,valence,tempo,time_signature
1Xyo4u8uXC1ZmMpatF05PJ,The Weeknd,A-List Stadium,track_1Xyo4u8uXC1ZmMpatF05PJ_0,The Weeknd Hit 1,The Weeknd Album,2020-01-01,94,247121,False,0.6844618310958857,0.34349453161653576,6,-1.3805544891876265,0,0.06680515432266672,0.28058008651933536,0.05543188864542366,0.31381707401378056,0.4336826751473683,132.36281190561363,4
1Xyo4u8uXC1ZmMpatF05PJ,The Weeknd,A-List Stadium,track_1Xyo4u8uXC1ZmMpatF05PJ_1,The Weeknd Hit 2,The Weeknd Album,2021-01-01,92,232995,True,0.5244443278990287,0.5668265317176431,9,-6.208099513599273,0,0.12342817466857613,0.401637955498426,0.0,0.2571480696576985,1.0,129.3924157875101,4
1Xyo4u8uXC1ZmMpatF05PJ,The Weeknd,A-List Stadium,track_1Xyo4u8uXC1ZmMpatF05PJ_2,The Weeknd Hit 3,The Weeknd Album,2021-01-01,86,245697,False,0.3451489192734498,0.6854750783679092,2,-4.408186990305052,1,0.15242654692538005,0.2825782313275221,0.14454098999771325,0.33782747863357243,0.6367171490402166,117.33883830657864,4
1Xyo4u8uXC1ZmMpatF05PJ,The Weeknd,A-List Stadium,track_1Xyo4u8uXC1ZmMpatF05PJ_3,The Weeknd Hit 4,The Weeknd Album,2023-01-01,84,212606,False,0.7688518176554444,0.3512340717571519,8,-7.432112241467989,0,0.1271749551394671,0.5167219307810942,0.0,0.21047352986381307,0.15029060300849473,94.85319399142311,4
1Xyo4u8uXC1ZmMpatF05PJ,The Weeknd,A-List Stadium,track_1Xyo4u8uXC1ZmMpatF05PJ_4,The Weeknd Hit 5,The Weeknd Album,2025-01-01,90,203247,False,0.7326151254838769,0.4598632417189346,9,-4.897864509048184,1,0.10194388039614735,0.1964777401927657,0.07237879516388986,0.19835771039272482,0.7376786546896168,170.53864851747244,4
1Xyo4u8uXC1ZmMpatF05PJ,The Weeknd,A-List Stadium,track_1Xyo4u8uXC1ZmMpatF05PJ_5,The Weeknd Hit 6,The Weeknd Album,2024-01-01,85,218044,False,0.5203696840619518,0.5521121114963556,1,-3.911678245861856,1,0.018030186616797186,0.3925097105295081,0.07400227376850463,0.23055543203772585,0.6865993285301136,128.4336984782452,4
1Xyo4u8uXC1ZmMpatF05PJ,The Weeknd,A-List Stadium,track_1Xyo4u8uXC1ZmMpatF05PJ_6,The Weeknd Hit 7,The Weeknd Album,2020-01-01,91,182568,False,0.6608426389710568,0.7930014027602281,10,-5.364389661596232,1,0.0685241725975458,0.26657638393662914,0.06467136864333228,0.3206508966508357,0.3366128658025528,127.37346617745803,4
1Xyo4u8uXC1ZmMpatF05PJ,The Weeknd,A-List Stadium,track_1Xyo4u8uXC1ZmMpatF05PJ_7,The Weeknd Hit 8,The Weeknd Album,2023-01-01,90,228190,False,0.5409991781508958,0.6557489645869635,6,-3.4430962747854026,1,0.1408876347938025,0.00212138807013873,0.05246420984285843,0.20899561481267898,0.6506608538155298,92.9950317611435,4
1Xyo4u8uXC1ZmMpatF05PJ,The Weeknd,A-List Stadium,track_1Xyo4u8uXC1ZmMpatF05PJ_8,The Weeknd Hit 9,The Weeknd Album,2020-01-01,90,193986,False,0.8242700618276118,0.6927260848857021,5,-3.627225175569424,1,0.08818235830378204,0.42157930194330784,0.06866091231563581,0.1553566385449472,0.5388179985796615,141.47263499719543,4
1Xyo4u8uXC1ZmMpatF05PJ,The Weeknd,A-List Stadium,track_1Xyo4u8uXC1ZmMpatF05PJ_9,The Weeknd Hit 10,The Weeknd Album,2022-01-01,93,183561,False,0.44602270508834096,0.6765939348293752,0,-7.400241629878346,1,0.07599340661520747,0.3255605394733565,0.08671022667880673,0.14741946126870434,0.4737923186002008,79.29519518748992,4
3TVXtAsR1Inumwj472S9r4,Drake,A-List Stadium,track_3TVXtAsR1Inumwj472S9r4_0,Drake Hit 1,Drake Album,2020-01-01,88,188392,False,0.7098185410999608,0.866013800064433,9,-6.225983563736173,1,0.038753247490552395,0.010397219916751188,0.0,0.24400144500533325,0.3995891551294778,99.57534365738573,4
3TVXtAsR1Inumwj472S9r4,Drake,A-List Stadium,track_3TVXtAsR1Inumwj472S9r4_1,Drake Hit 2,Drake Album,2021-01-01,94,215222,False,0.706253467094903,0.6987601427542398,5,-7.128157261473457,0,0.08887936107722172,0.07060827425331212,0.03854096996920312,0.2633267502303576,0.2545480438158285,153.20273906896483,4
3TVXtAsR1Inumwj472S9r4,Drake,A-List Stadium,track_3TVXtAsR1Inumwj472S9r4_2,Drake Hit 3,Drake Album,2024-01-01,92,243335,True,0.7346832808140512,0.6086865663137342,1,-8.503078848380888,0,0.17218823020366297,0.8031092415748451,0.0,0.15810798807514537,0.4036453474030321,152.53038943399363,4
3TVXtAsR1Inumwj472S9r4,Drake,A-List Stadium,track_3TVXtAsR1Inumwj472S9r4_3,Drake Hit 4,Drake Album,2022-01-01,94,188110,False,0.22780575201521974,0.7527670386131092,9,-6.513620616838067,0,0.09191871272687645,0.031745065796342675,0.0,0.26061650906114564,0.20264584345993275,126.32852146098168,4
3TVXtAsR1Inumwj472S9r4,Drake,A-List Stadium,track_3TVXtAsR1Inumwj472S9r4_4,Drake Hit 5,Drake Album,2020-01-01,90,186910,True,0.6666982778500439,0.4509289272151966,4,-4.318712902022552,0,0.06736880103488047,0.6925645268090916,0.011493973814049374,0.2328495370129816,0.4855433043859152,138.0364960072338,4
3TVXtAsR1Inumwj472S9r4,Drake,A-List Stadium,track_3TVXtAsR1Inumwj472S9r4_5,Drake Hit 6,Drake Album,2022-01-01,86,180206,False,0.7912016007847138,0.7015993984240132,2,-5.061766580437874,1,0.08383218938568957,0.30952071036287027,0.0,0.1910304373192474,0.7366828499078373,106.78585503485729,4
3TVXtAsR1Inumwj472S9r4,Drake,A-List Stadium,track_3TVXtAsR1Inumwj472S9r4_6,Drake Hit 7,Drake Album,2021-01-01,82,230015,False,0.7534711807030839,0.6683171477387526,0,-6.942216344605399,0,0.15375621376086446,0.3390820569993266,0.0,0.2988882737309018,0.6246619613309208,110.13074367271969,4
3TVXtAsR1Inumwj472S9r4,Drake,A-List Stadium,track_3TVXtAsR1Inumwj472S9r4_7,Drake Hit 8,Drake Album,2023-01-01,91,198141,True,0.533252501793921,0.7051021124696506,2,-7.597090631212365,0,0.10298151849600871,0.17061264445888522,0.119822331361359,0.23934853854217497,0.6790386440055465,132.70343603363938,4
3TVXtAsR1Inumwj472S9r4,Drake,A-List Stadium,track_3TVXtAsR1Inumwj472S9r4_8,Drake Hit 9,Drake Album,2024-01-01,80,213827,False,0.7574329072979002,0.5429529576878864,6,-4.697181438145956,1,0.1988272136864114,0.2604093746863339,0.1817278226731186,0.240134362702479,0.9365014048354174,112.6095676635554,4
3TVXtAsR1Inumwj472S9r4,Drake,A-List Stadium,track_3TVXtAsR1Inumwj472S9r4_9,Drake Hit 10,Drake Album,2022-01-01,76,202299,False,0.6306824094136118,0.44368475062596846,6,-7.05859647509244,0,0.09878227038695087,0.7284540717223728,0.22275431701007115,0.24363236696740323,0.5076006956336401,122.40062653436523,4
06HL4z0CvFAxyc27GXpf02,Taylor Swift,A-List Stadium,track_06HL4z0CvFAxyc27GXpf02_0,Taylor Swift Hit 1,Taylor Swift Album,2024-01-01,87,249163,False,0.6920276959095625,0.44544148696031893,5,-3.8179077956706653,0,0.09446332854596522,0.5262505580795476,0.022525250482558257,0.3384442111685647,0.6514911498634082,120.57193553436689,4
06HL4z0CvFAxyc27GXpf02,Taylor Swift,A-List Stadium,track_06HL4z0CvFAxyc27GXpf02_1,Taylor Swift Hit 2,Taylor Swift Album,2025-01-01,82,198047,False,0.8370348881026232,0.840458692207442,8,-0.10757434667354904,1,0.0958574542597054,0.22536696355736058,0.20097257984484296,0.3640503392887938,0.6199567711929458,142.67093549005412,4
06HL4z0CvFAxyc27GXpf02,Taylor Swift,A-List Stadium,track_06HL4z0CvFAxyc27GXpf02_2,Taylor Swift Hit 3,Taylor Swift Album,2023-01-01,86,203776,True,0.40841693011153746,0.34024403549755766,1,-3.246393014242141,0,0.13885080478786446,0.20473987180623443,0.1888312701433808,0.3659947602725288,0.7551288965251548,124.6128182052873,4
06HL4z0CvFAxyc27GXpf02,Taylor Swift,A-List Stadium,track_06HL4z0CvFAxyc27GXpf02_3,Taylor Swift Hit 4,Taylor Swift Album,2022-01-01,73,235016,False,0.2512981091270296,0.5092605015934788,8,-6.284077053548773,1,0.09000300757048156,0.13049530138203796,0.20422559460484996,0.38044970883616097,0.36285248264233105,125.51049754937063,4
06HL4z0CvFAxyc27GXpf02,Taylor Swift,A-List Stadium,track_06HL4z0CvFAxyc27GXpf02_4,Taylor Swift Hit 5,Taylor Swift Album,2025-01-01,85,185530,False,0.4012385293595929,0.8646104318006254,11,-4.385413750377832,0,0.03771169704501505,0.6433530960628774,0.20376115600740413,0.05937153714167179,0.38947440101875974,128.66289538463818,4
06HL4z0CvFAxyc27GXpf02,Taylor Swift,A-List Stadium,track_06HL4z0CvFAxyc27GXpf02_5,Taylor Swift Hit 6,Taylor Swift Album,2024-01-01,92,193545,False,0.5550736292741688,0.2662650485936365,9,-7.3155455211113765,1,0.08703747787098873,0.5467373842752072,0.11489242105069956,0.060800366281198975,0.332322501776423,130.41328841068417,4
06HL4z0CvFAxyc27GXpf02,Taylor Swift,A-List Stadium,track_06HL4z0CvFAxyc27GXpf02_6,Taylor Swift Hit 7,Taylor Swift Album,2022-01-01,84,234384,True,0.7270618514977552,0.8945001829773761,4,-4.585576633975235,1,0.14851494436300305,0.5060566908063684,0.07387891590265136,0.1740957854179297,0.46073003018300435,118.56797481171873,4
06HL4z0CvFAxyc27GXpf02,Taylor Swift,A-List Stadium,track_06HL4z0CvFAxyc27GXpf02_7,Taylor Swift Hit 8,Taylor Swift Album,2021-01-01,73,232733,False,0.5944166645235237,0.795525908727396,0,-5.896108228385401,0,0.06880649019949397,0.19265229195169808,0.22157560080062455,0.27718819950354323,0.40381077454838177,70.89749948555428,4
06HL4z0CvFAxyc27GXpf02,Taylor Swift,A-List Stadium,track_06HL4z0CvFAxyc27GXpf02_8,Taylor Swift Hit 9,Taylor Swift Album,2022-01-01,76,247172,True,0.36833032595902987,0.7506858165203756,10,-1.823250590438545,1,0.09302051859224132,0.15346316174847616,0.10054271466248177,0.2599994207924837,0.337985383158102,110.83126119626165,4
06HL4z0CvFAxyc27GXpf02,Taylor Swift,A-List Stadium,track_06HL4z0CvFAxyc27GXpf02_9,Taylor Swift Hit 10,Taylor Swift Album,2020-01-01,76,180854,True,0.5109245236502319,0.629431167372786,1,-6.053588693271327,0,0.1091885567311521,0.3333539239193035,0.009796518965477563,0.22790304254625393,0.623605742196724,122.82073311645128,4
6l3HvQ5sa6mXTsMTB19rO5,J. Cole,A-List Stadium,track_6l3HvQ5sa6mXTsMTB19rO5_0,J. Cole Hit 1,J. Cole Album,2020-01-01,97,226717,True,0.6758909754800586,0.8480706822075015,8,-5.394729069521934,1,0.062286207499032104,0.0,0.1431009464327855,0.16654924936432533,0.5412381964058653,107.91322861106721,4
6l3HvQ5sa6mXTsMTB19rO5,J. Cole,A-List Stadium,track_6l3HvQ5sa6mXTsMTB19rO5_1,J. Cole Hit 2,J. Cole Album,2023-01-01,92,243734,False,0.5509944007533262,0.8946380210853317,3,-4.611533179028033,1,0.1450737314973893,0.27222748256106566,0.01357975165120625,0.275287567761397,0.43608864753618387,138.96353650724603,4
6l3HvQ5sa6mXTsMTB19rO5,J. Cole,A-List Stadium,track_6l3HvQ5sa6mXTsMTB19rO5_2,J. Cole Hit 3,J. Cole Album,2022-01-01,81,205342,False,0.7469389426261298,0.3830392323562046,4,-8.192550173790403,0,0.02799745587028528,0.0,0.15714009103737214,0.4212191309384685,0.722397542762129,76.97540764258662,4
6l3HvQ5sa6mXTsMTB19rO5,J. Cole,A-List Stadium,track_6l3HvQ5sa6mXTsMTB19rO5_3,J. Cole Hit 4,J. Cole Album,2024-01-01,78,245733,False,0.8652447462595158,0.6583378074263883,7,-6.464798213000943,1,0.16345885912715646,0.4395474256298908,0.3641966977287799,0.20330270429657973,0.17386532651694714,123.41941943136439,4
6l3HvQ5sa6mXTsMTB19rO5,J. Cole,A-List Stadium,track_6l3HvQ5sa6mXTsMTB19rO5_4,J. Cole Hit 5,J. Cole Album,2020-01-01,89,222107,False,0.23753223521812655,0.5433792150270973,6,-4.810491316669428,0,0.1426707779390154,0.5637529231454388,0.05868591631618028,0.2916628466157529,0.46805067192695676,96.26605764624134,4
6l3HvQ5sa6mXTsMTB19rO5,J. Cole,A-List Stadium,track_6l3HvQ5sa6mXTsMTB19rO5_5,J. Cole Hit 6,J. Cole Album,2024-01-01,95,229811,False,0.8296098588806993,0.630622834076985,2,-8.81902263494639,1,0.11952011719581335,0.07799237898170958,0.2549178922684823,0.2278106019091961,0.5115591171170438,135.3931550269125,4
6l3HvQ5sa6mXTsMTB19rO5,J. Cole,A-List Stadium,track_6l3HvQ5sa6mXTsMTB19rO5_6,J. Cole Hit 7,J. Cole Album,2023-01-01,79,214754,False,0.4756607878701117,0.6826954958334907,1,-5.367599847590879,1,0.09668047979534318,0.2731463793284979,0.03407761219032898,0.1030800389686234,0.6102074604485075,156.93253001660946,4
6l3HvQ5sa6mXTsMTB19rO5,J. Cole,A-List Stadium,track_6l3HvQ5sa6mXTsMTB19rO5_7,J. Cole Hit 8,J. Cole Album,2023-01-01,91,188680,False,0.6333424076187426,0.6820952413997692,9,-7.874456097667645,1,0.09901811005366594,0.41049799088342953,0.07239141340646615,0.3364140429973844,0.5250449005295814,111.41188917749494,4
6l3HvQ5sa6mXTsMTB19rO5,J. Cole,A-List Stadium,track_6l3HvQ5sa6mXTsMTB19rO5_8,J. Cole Hit 9,J. Cole Album,2021-01-01,90,217504,False,0.6183446254548426,0.7586596058072776,5,-0.90790333319105,1,0.12065282668930913,0.39992742022519145,0.0,0.3149419728263715,0.4398191961277282,114.4935355298914,4
6l3HvQ5sa6mXTsMTB19rO5,J. Cole,A-List Stadium,track_6l3HvQ5sa6mXTsMTB19rO5_9,J. Cole Hit 10,J. Cole Album,2020-01-01,80,227254,False,0.7127063980613918,0.7994330448519162,1,-7.401663357732171,1,0.08525251608539862,0.5495484145347468,0.0,0.22789941622238022,0.33293058934804853,162.90298255546776,4
6eUKZXaKkcviH0Ku9w2n3V,Ed Sheeran,A-List Stadium,track_6eUKZXaKkcviH0Ku9w2n3V_0,Ed Sheeran Hit 1,Ed Sheeran Album,2021-01-01,91,196646,False,0.4218602371455731,0.7119641420454055,2,-6.160518092415091,0,0.1546635452729965,0.5449168875252286,0.21233965622990458,0.046305203997367955,0.5535502448728924,149.18987206767042,4
6eUKZXaKkcviH0Ku9w2n3V,Ed Sheeran,A-List Stadium,track_6eUKZXaKkcviH0Ku9w2n3V_1,Ed Sheeran Hit 2,Ed Sheeran Album,2021-01-01,78,196371,False,0.34720335918570894,0.7128766988109695,2,-6.004167594840368,0,0.05981627160151346,0.6278233610888135,0.2177700814076441,0.14464117582920055,0.6137966158370551,152.56793246257075,4
6eUKZXaKkcviH0Ku9w2n3V,Ed Sheeran,A-List Stadium,track_6eUKZXaKkcviH0Ku9w2n3V_2,Ed Sheeran Hit 3,Ed Sheeran Album,2021-01-01,93,200932,False,0.543130838851877,0.6092839279795277,7,-3.7385933827709974,0,0.1857850917197194,0.079844143432663,0.0,0.14134359204372815,0.4604929548606064,104.81919105582703,4
6eUKZXaKkcviH0Ku9w2n3V,Ed Sheeran,A-List Stadium,track_6eUKZXaKkcviH0Ku9w2n3V_3,Ed Sheeran Hit 4,Ed Sheeran Album,2022-01-01,85,187400,False,0.6050188156488454,0.5256363398987217,4,-4.597253870321555,1,0.11654401161072286,0.46670579232178494,0.0,0.23740565698475724,0.7455337984946584,95.8071796261759,4
6eUKZXaKkcviH0Ku9w2n3V,Ed Sheeran,A-List Stadium,track_6eUKZXaKkcviH0Ku9w2n3V_4,Ed Sheeran Hit 5,Ed Sheeran Album,2022-01-01,74,186295,False,0.8508858580256555,0.733803801873209,3,-5.80713256241302,1,0.06595563589804591,0.3220981077398937,0.08779614599368742,0.13240137270256025,0.6045555900931784,88.87986534452634,4
6eUKZXaKkcviH0Ku9w2n3V,Ed Sheeran,A-List Stadium,track_6eUKZXaKkcviH0Ku9w2n3V_5,Ed Sheeran Hit 6,Ed Sheeran Album,2020-01-01,74,192874,False,0.32671429010214686,0.18288545516667443,6,-6.9985944791439945,1,0.143265845101019,0.452819215699255,0.12731072066952376,0.08448202488595682,0.45268392985417183,112.07212329904391,4
6eUKZXaKkcviH0Ku9w2n3V,Ed Sheeran,A-List Stadium,track_6eUKZXaKkcviH0Ku9w2n3V_6,Ed Sheeran Hit 7,Ed Sheeran Album,2023-01-01,88,233351,False,0.6637768263412053,0.7171315979297795,4,-4.992527907575148,1,0.12911979799920315,0.1635931233601371,0.0,0.04635482595097712,0.26187028556425984,121.20058011504024,4
6eUKZXaKkcviH0Ku9w2n3V,Ed Sheeran,A-List Stadium,track_6eUKZXaKkcviH0Ku9w2n3V_7,Ed Sheeran Hit 8,Ed Sheeran Album,2022-01-01,78,182557,False,0.358373331665738,0.5398545951822726,9,-4.373611186294205,1,0.11826504965108944,0.5804144294435687,0.0,0.32183373155853806,0.0,120.56405423043856,4
6eUKZXaKkcviH0Ku9w2n3V,Ed Sheeran,A-List Stadium,track_6eUKZXaKkcviH0Ku9w2n3V_8,Ed Sheeran Hit 9,Ed Sheeran Album,2020-01-01,76,226975,False,0.9287861032116622,0.7861315879063089,7,-2.4515749917239584,0,0.11301327791838635,0.16638190927139024,0.1492042349536523,0.18250402433045915,0.348850968101431,130.73019687140808,4
6eUKZXaKkcviH0Ku9w2n3V,Ed Sheeran,A-List Stadium,track_6eUKZXaKkcviH0Ku9w2n3V_9,Ed Sheeran Hit 10,Ed Sheeran Album,2021-01-01,91,241135,False,0.4652298027313444,0.6556362314738257,9,-6.018237993288407,0,0.06389093460365139,0.8258425262600546,0.141237461396287,0.0402288080226591,0.3967487968125746,138.6355219481741,4
246dkjvS1zLTtiykXe5h60,Post Malone,Mainstream,track_246dkjvS1zLTtiykXe5h60_0,Post Malone Hit 1,Post Malone Album,2023-01-01,87,218467,True,0.4800691618150974,0.7203095917651778,4,-5.886700150205786,1,0.12648463771783655,0.34837334030270817,0.0,0.2725766823163033,0.4082086228350853,86.87134269657699,4
246dkjvS1zLTtiykXe5h60,Post Malone,Mainstream,track_246dkjvS1zLTtiykXe5h60_1,Post Malone Hit 2,Post Malone Album,2024-01-01,72,183987,False,0.7884654513517784,0.8787975838404327,1,-10.031198873326197,1,0.09604606261968242,0.0039431803585073255,0.11459178257938112,0.33743095131790957,0.38030127665673286,85.18036285263253,4
246dkjvS1zLTtiykXe5h60,Post Malone,Mainstream,track_246dkjvS1zLTtiykXe5h60_2,Post Malone Hit 3,Post Malone Album,2022-01-01,71,224064,False,0.4936310422647131,0.8208921253589389,6,-6.776353637082457,1,0.10852081111877439,0.045126250724124295,0.11260764255078172,0.1267246370310004,0.35966561799518487,129.8127244284543,4
246dkjvS1zLTtiykXe5h60,Post Malone,Mainstream,track_246dkjvS1zLTtiykXe5h60_3,Post Malone Hit 4,Post Malone Album,2022-01-01,69,225525,True,0.4458145851429457,0.744120520155009,4,-4.53977328698053,1,0.18572635340968663,0.08812289123817191,0.08803585303839163,0.0,0.23660888518062834,118.50293228130306,4
246dkjvS1zLTtiykXe5h60,Post Malone,Mainstream,track_246dkjvS1zLTtiykXe5h60_4,Post Malone Hit 5,Post Malone Album,2025-01-01,82,227333,False,0.6627309919131804,0.6296368515940861,6,-7.153020801453438,1,0.0,0.3773930597709084,0.18676573314701472,0.10065437739433225,0.6158798478348007,89.34529262208481,4
246dkjvS1zLTtiykXe5h60,Post Malone,Mainstream,track_246dkjvS1zLTtiykXe5h60_5,Post Malone Hit 6,Post Malone Album,2025-01-01,80,199738,False,0.7549432099842919,0.7332472733855191,4,-3.8476333573393595,1,0.03060269697167302,0.14755170757408353,0.048988408853108865,0.4218421424114728,0.36261684884150247,110.8356696139885,4
246dkjvS1zLTtiykXe5h60,Post Malone,Mainstream,track_246dkjvS1zLTtiykXe5h60_6,Post Malone Hit 7,Post Malone Album,2024-01-01,87,219790,False,0.7098517581632467,0.4023408623247908,2,-8.743802285862714,1,0.01932193010616294,0.3989191496642197,0.038334279016772915,0.24650454610151823,0.5333305657127027,126.50353593058128,4
246dkjvS1zLTtiykXe5h60,Post Malone,Mainstream,track_246dkjvS1zLTtiykXe5h60_7,Post Malone Hit 8,Post Malone Album,2024-01-01,72,225714,False,0.5749913950369742,0.8117858400942597,11,-7.420905099669903,0,0.0,0.28053836224559464,0.0,0.1724272747532674,0.475242082437816,139.52296716169417,4
246dkjvS1zLTtiykXe5h60,Post Malone,Mainstream,track_246dkjvS1zLTtiykXe5h60_8,Post Malone Hit 9,Post Malone Album,2020-01-01,71,236491,False,0.595482679934985,0.7018436036686521,7,-6.730643102624217,1,0.10923401529324543,0.0,0.06857674920867712,0.22357621324014051,0.4963500069598961,107.78220216862822,4
246dkjvS1zLTtiykXe5h60,Post Malone,Mainstream,track_246dkjvS1zLTtiykXe5h60_9,Post Malone Hit 10,Post Malone Album,2024-01-01,74,216212,False,0.7791797811759666,0.8988067896269724,5,-10.406320921651723,1,0.09370305135265833,0.15650296278378364,0.05297792632346239,0.11520201223446659,0.5348037113241207,124.91467965842706,4
7tYKF4w9nC0nq9CsPZTHyP,SZA,Mainstream,track_7tYKF4w9nC0nq9CsPZTHyP_0,SZA Hit 1,SZA Album,2023-01-01,76,213828,False,0.4707924446464884,0.4739076070355188,8,-5.088224455836785,1,0.2082501172450542,0.23829007966524252,0.11869464926472222,0.19269310315929275,0.2865966827164248,119.26447388609104,4
7tYKF4w9nC0nq9CsPZTHyP,SZA,Mainstream,track_7tYKF4w9nC0nq9CsPZTHyP_1,SZA Hit 2,SZA Album,2020-01-01,71,225236,False,0.44771798952821773,0.6581973579551884,11,-4.341052141537068,1,0.08175236352285574,0.1321580665321987,0.0,0.0033643410623998282,0.9112414259880645,97.93583268556634,4
7tYKF4w9nC0nq9CsPZTHyP,SZA,Mainstream,track_7tYKF4w9nC0nq9CsPZTHyP_2,SZA Hit 3,SZA Album,2023-01-01,84,245726,False,0.5668119564621342,0.5946373400222159,0,-8.681106360007657,1,0.145650011013715,0.44923748146288056,0.013980640539005239,0.2302333741763334,0.1681510763221699,95.17362003144503,4
7tYKF4w9nC0nq9CsPZTHyP,SZA,Mainstream,track_7tYKF4w9nC0nq9CsPZTHyP_3,SZA Hit 4,SZA Album,2020-01-01,82,206641,False,0.6908309667120606,0.39128827216654033,10,-5.531724905773408,1,0.11631373354233428,0.3060623314988684,0.04056282499646188,0.19141067502822084,0.6625378851287991,131.5582102758302,4
7tYKF4w9nC0nq9CsPZTHyP,SZA,Mainstream,track_7tYKF4w9nC0nq9CsPZTHyP_4,SZA Hit 5,SZA Album,2025-01-01,82,231885,True,0.6045718275398497,0.35161277070572505,7,-7.947499295916152,0,0.011369493584208912,0.34815063589771367,0.31016831141803947,0.2565509645631544,0.14784744816883644,135.06683242209064,4
7tYKF4w9nC0nq9CsPZTHyP,SZA,Mainstream,track_7tYKF4w9nC0nq9CsPZTHyP_5,SZA Hit 6,SZA Album,2025-01-01,83,236958,False,0.6571737577324166,0.9079505508165491,7,-4.653637297460083,1,0.16634047100209953,0.3494053287210226,0.10391321031828055,0.23416292193691146,0.32889772840434933,107.58309561434714,4
7tYKF4w9nC0nq9CsPZTHyP,SZA,Mainstream,track_7tYKF4w9nC0nq9CsPZTHyP_6,SZA Hit 7,SZA Album,2021-01-01,68,207751,False,0.6508297735577613,0.8133743560040816,8,-2.6601909912971875,0,0.11973357649114906,0.6089052007356188,0.1445193727013594,0.2686566006151563,0.05735453039463373,143.93789903604832,4
7tYKF4w9nC0nq9CsPZTHyP,SZA,Mainstream,track_7tYKF4w9nC0nq9CsPZTHyP_7,SZA Hit 8,SZA Album,2022-01-01,69,234748,True,0.6124620771423076,0.7124983360514278,8,-5.3613336206132285,1,0.13869163718211397,0.5244350057603371,0.11342411430592224,0.24752855893198916,0.5463025478591143,60.0,4
7tYKF4w9nC0nq9CsPZTHyP,SZA,Mainstream,track_7tYKF4w9nC0nq9CsPZTHyP_8,SZA Hit 9,SZA Album,2021-01-01,82,230993,False,0.5568613470824717,0.4616820965298709,3,-4.821886105188264,0,0.11693602514348178,0.37878239464723046,0.0,0.15838059972698595,0.2638435874699322,139.60969999041146,4
7tYKF4w9nC0nq9CsPZTHyP,SZA,Mainstream,track_7tYKF4w9nC0nq9CsPZTHyP_9,SZA Hit 10,SZA Album,2024-01-01,78,182368,True,0.5616177963494202,1.0,4,-5.837799511919957,1,0.13671304585883626,0.10132435888322866,0.0480024571280097,0.1333479518726485,0.8212238983662588,151.2491901372423,4
6M2wZ9GZgrQXHCFfjv46we,Doja Cat,Mainstream,track_6M2wZ9GZgrQXHCFfjv46we_0,Doja Cat Hit 1,Doja Cat Album,2025-01-01,72,235766,True,0.4511485740187724,0.7271768766168651,7,-3.768195893269277,1,0.06753672109620379,0.4106545377901898,0.0006240057639543828,0.0,0.5739155205374971,127.22289540693737,4
6M2wZ9GZgrQXHCFfjv46we,Doja Cat,Mainstream,track_6M2wZ9GZgrQXHCFfjv46we_1,Doja Cat Hit 2,Doja Cat Album,2021-01-01,86,190966,False,0.5131379537280855,0.5223312279713995,0,-8.622745450175305,0,0.13088351841328744,0.4396499827555632,0.0,0.3056655283772792,0.5911379337334502,98.36594320839197,4
6M2wZ9GZgrQXHCFfjv46we,Doja Cat,Mainstream,track_6M2wZ9GZgrQXHCFfjv46we_2,Doja Cat Hit 3,Doja Cat Album,2022-01-01,71,233006,False,0.400842615636508,0.6468360579475865,5,-5.392439381018989,1,0.03116542296809592,0.3281772493822408,0.0,0.23231677141847817,0.47047948274026624,110.67926996263516,4
6M2wZ9GZgrQXHCFfjv46we,Doja Cat,Mainstream,track_6M2wZ9GZgrQXHCFfjv46we_3,Doja Cat Hit 4,Doja Cat Album,2023-01-01,83,199508,True,0.36079453990998067,0.7527200213139433,9,-7.065401679323823,1,0.04442934939327825,0.289671168966983,0.07056863749606843,0.16215459481535405,0.0,116.78190183901614,4
6M2wZ9GZgrQXHCFfjv46we,Doja Cat,Mainstream,track_6M2wZ9GZgrQXHCFfjv46we_4,Doja Cat Hit 5,Doja Cat Album,2023-01-01,83,234021,True,0.73502654803687,0.8056218372252035,5,-6.928640688994933,0,0.0826957791413796,0.45321605567693807,0.17269332238843077,0.18998459235200474,0.4592652499646068,102.44034826486877,4
6M2wZ9GZgrQXHCFfjv46we,Doja Cat,Mainstream,track_6M2wZ9GZgrQXHCFfjv46we_5,Doja Cat Hit 6,Doja Cat Album,2023-01-01,73,219734,True,0.475967946894021,0.6047042216196947,5,-5.265268986367644,0,0.1746344284479761,0.24577527979148622,0.047863270565156386,0.12527883208521767,0.015151947945411637,137.680907927221,4
6M2wZ9GZgrQXHCFfjv46we,Doja Cat,Mainstream,track_6M2wZ9GZgrQXHCFfjv46we_6,Doja Cat Hit 7,Doja Cat Album,2024-01-01,70,197019,False,0.710526584563865,0.5937344885763574,1,-5.297422381150917,1,0.1844946728313145,0.44048131383021305,0.05967498949591164,0.18904507085307964,0.3791975450149746,137.69213579725385,4
6M2wZ9GZgrQXHCFfjv46we,Doja Cat,Mainstream,track_6M2wZ9GZgrQXHCFfjv46we_7,Doja Cat Hit 8,Doja Cat Album,2022-01-01,71,208251,False,0.4621229791918925,0.4279200965407959,7,-4.865888965223794,0,0.12332149912167632,0.2928717035405033,0.0,0.31647393544571717,0.35308168464039014,103.79495125971238,4
6M2wZ9GZgrQXHCFfjv46we,Doja Cat,Mainstream,track_6M2wZ9GZgrQXHCFfjv46we_8,Doja Cat Hit 9,Doja Cat Album,2021-01-01,83,212217,False,0.6300853795846414,0.8797274698857431,0,-3.9758642705922838,0,0.0,0.3758964114331015,0.23115048125935167,0.1917352214961811,0.33419661606832746,94.67318988748592,4
6M2wZ9GZgrQXHCFfjv46we,Doja Cat,Mainstream,track_6M2wZ9GZgrQXHCFfjv46we_9,Doja Cat Hit 10,Doja Cat Album,2020-01-01,76,246617,False,0.5913024078851649,0.5603239561892236,2,-1.979981421399997,0,0.057869003930488494,0.5006102619322368,0.01977503240784799,0.22235111063291652,0.5144755172562068,119.5638932383633,4
4q3ewBCX7sLwd24euuV69X,Bad Bunny,Mainstream,track_4q3ewBCX7sLwd24euuV69X_0,Bad Bunny Hit 1,Bad Bunny Album,2021-01-01,70,200056,False,0.5979595748332016,0.9414717116542042,6,-5.7430965248044945,1,0.15329304993808188,0.3245340631989591,0.21246784584695605,0.23230792731160294,0.44952929957474247,114.16377462168911,4
4q3ewBCX7sLwd24euuV69X,Bad Bunny,Mainstream,track_4q3ewBCX7sLwd24euuV69X_1,Bad Bunny Hit 2,Bad Bunny Album,2024-01-01,85,183343,False,0.36552137869550144,0.8266219554294318,0,-6.1556743940256045,1,0.05132766293002619,0.2989205247276931,0.15383887557346115,0.25054240932166993,0.7618945792701426,108.6371534033133,4
4q3ewBCX7sLwd24euuV69X,Bad Bunny,Mainstream,track_4q3ewBCX7sLwd24euuV69X_2,Bad Bunny Hit 3,Bad Bunny Album,2024-01-01,83,247215,True,0.32538473274077007,0.6901303607911374,11,-7.622426427711096,1,0.14671548729606157,0.21053562086824973,0.17810163617351132,0.20678555105274035,0.6705547350244438,129.69465634588948,4
4q3ewBCX7sLwd24euuV69X,Bad Bunny,Mainstream,track_4q3ewBCX7sLwd24euuV69X_3,Bad Bunny Hit 4,Bad Bunny Album,2025-01-01,72,189435,True,0.473046501751369,0.5212900335365076,2,-3.9400783648376776,0,0.08672265809907882,0.39668509762292065,0.0,0.1484282930066998,0.5595964472754903,135.21809486313816,4
4q3ewBCX7sLwd24euuV69X,Bad Bunny,Mainstream,track_4q3ewBCX7sLwd24euuV69X_4,Bad Bunny Hit 5,Bad Bunny Album,2020-01-01,72,240403,True,0.5700706990005887,0.41736210778927224,5,-5.31976458719071,0,0.07287659666469021,0.28407172175085693,0.0952371796249734,0.09376064718531203,0.5856614194415297,116.25711469990902,4
4q3ewBCX7sLwd24euuV69X,Bad Bunny,Mainstream,track_4q3ewBCX7sLwd24euuV69X_5,Bad Bunny Hit 6,Bad Bunny Album,2021-01-01,70,242752,False,0.7478594993519794,0.8874772103129502,8,-0.8208727159627722,1,0.05973140864748281,0.4192884679121342,0.07709745388461928,0.23041929195534216,0.8615752317598381,127.01570351509619,4
4q3ewBCX7sLwd24euuV69X,Bad Bunny,Mainstream,track_4q3ewBCX7sLwd24euuV69X_6,Bad Bunny Hit 7,Bad Bunny Album,2024-01-01,76,248385,True,0.5544507714189005,0.2589447147379798,11,-10.24370979801719,1,0.06960890064527839,0.3268370348355439,0.061278786262909335,0.037604279123895884,0.5323126026879978,108.03264379539563,4
4q3ewBCX7sLwd24euuV69X,Bad Bunny,Mainstream,track_4q3ewBCX7sLwd24euuV69X_7,Bad Bunny Hit 8,Bad Bunny Album,2021-01-01,67,189823,False,0.8461569944593437,0.6998397085471313,1,-5.157053100248194,1,0.04289346752843266,0.7029757122248428,0.20824963635802024,0.25134954769210155,0.5858662043639804,127.64882835638596,4
4q3ewBCX7sLwd24euuV69X,Bad Bunny,Mainstream,track_4q3ewBCX7sLwd24euuV69X_8,Bad Bunny Hit 9,Bad Bunny Album,2024-01-01,73,184611,False,0.5266357821121639,0.7094619291361685,2,-6.929234594596786,0,0.11005798279364197,0.3939118338705855,0.0,0.17757448412424304,0.3811646502540085,113.2804098085411,4
4q3ewBCX7sLwd24euuV69X,Bad Bunny,Mainstream,track_4q3ewBCX7sLwd24euuV69X_9,Bad Bunny Hit 10,Bad Bunny Album,2021-01-01,69,229115,False,0.6649092898695276,0.5311267255307588,8,-6.384647826144729,0,0.17289776167828455,0.1968671932315577,0.030126096398337687,0.23001555849957256,0.5564415285779869,134.9312019136214,4
6KImCVD70vtIoJWnq6nGn3,Harry Styles,Mainstream,track_6KImCVD70vtIoJWnq6nGn3_0,Harry Styles Hit 1,Harry Styles Album,2022-01-01,65,198071,False,0.5431005120242507,0.4222664123058174,5,-7.144594105568132,1,0.0339496752067415,0.350587362853016,0.043655393605585416,0.18124658799451268,0.31148692171138687,115.56278192409387,4
6KImCVD70vtIoJWnq6nGn3,Harry Styles,Mainstream,track_6KImCVD70vtIoJWnq6nGn3_1,Harry Styles Hit 2,Harry Styles Album,2022-01-01,84,184000,False,0.6632526702396666,0.5629555534398744,2,-4.498826292328447,0,0.13694052404437515,0.4230734968026107,0.0,0.3085982116175032,0.3928073109771904,136.1611559656229,4
6KImCVD70vtIoJWnq6nGn3,Harry Styles,Mainstream,track_6KImCVD70vtIoJWnq6nGn3_2,Harry Styles Hit 3,Harry Styles Album,2022-01-01,80,218304,False,0.655093097010201,1.0,7,-9.400409749096132,1,0.12641515173334592,0.0,0.1279234034313608,0.3050110596108915,0.32720975571583877,128.56625924946994,4
6KImCVD70vtIoJWnq6nGn3,Harry Styles,Mainstream,track_6KImCVD70vtIoJWnq6nGn3_3,Harry Styles Hit 4,Harry Styles Album,2022-01-01,73,200764,True,0.7348703570531238,0.8304938445003567,6,-5.571098332056717,1,0.13671523377807485,0.17013373761592115,0.058312246565668004,0.1532896593209224,0.3532424052429272,120.72126782939254,4
6KImCVD70vtIoJWnq6nGn3,Harry Styles,Mainstream,track_6KImCVD70vtIoJWnq6nGn3_4,Harry Styles Hit 5,Harry Styles Album,2025-01-01,83,207350,True,0.6521295564237112,0.8827017535909975,0,-5.63682630810242,0,0.1854580616489106,0.4950395259564859,0.10010941699398453,0.21895816165987436,0.7002092185134282,65.93535414001525,4
6KImCVD70vtIoJWnq6nGn3,Harry Styles,Mainstream,track_6KImCVD70vtIoJWnq6nGn3_5,Harry Styles Hit 6,Harry Styles Album,2024-01-01,75,245953,True,0.7016812979296361,0.5191848633745153,8,-9.661265793712914,0,0.09312757426861541,0.4905749094405878,0.21122782579886457,0.33149144535840475,0.8279929058742785,134.84254982143784,4
6KImCVD70vtIoJWnq6nGn3,Harry Styles,Mainstream,track_6KImCVD70vtIoJWnq6nGn3_6,Harry Styles Hit 7,Harry Styles Album,2023-01-01,67,206092,False,0.6113150458352389,0.3296068376205663,11,-4.545360305958571,0,0.0662889796844068,0.3848468519423798,0.0643339167606231,0.34790789734057603,0.6222287309299085,165.81767848157526,4
6KImCVD70vtIoJWnq6nGn3,Harry Styles,Mainstream,track_6KImCVD70vtIoJWnq6nGn3_7,Harry Styles Hit 8,Harry Styles Album,2023-01-01,81,224425,False,0.6160563573118071,0.6288939895995386,0,-6.368713301434192,0,0.06941154545473574,0.2925926405903176,0.007069777548274002,0.1307579020126144,0.2187365072656332,118.3378885474261,4
6KImCVD70vtIoJWnq6nGn3,Harry Styles,Mainstream,track_6KImCVD70vtIoJWnq6nGn3_8,Harry Styles Hit 9,Harry Styles Album,2022-01-01,68,197955,False,0.37429194389534964,0.8020111927379205,7,-4.074662160828937,0,0.21818589346483508,0.5168959166146141,0.0,0.24801461362223698,1.0,127.5470140552646,4
6KImCVD70vtIoJWnq6nGn3,Harry Styles,Mainstream,track_6KImCVD70vtIoJWnq6nGn3_9,Harry Styles Hit 10,Harry Styles Album,2025-01-01,80,224811,False,0.5729265316602549,0.49416966961434056,8,-6.388663090840657,0,0.08404730321666909,0.14079482863930218,0.15760071385985985,0.20213116486719424,0.8802381371506015,118.78678372370759,4
1McMsnEElThX1knmY4oliG,Olivia Rodrigo,Mainstream,track_1McMsnEElThX1knmY4oliG_0,Olivia Rodrigo Hit 1,Olivia Rodrigo Album,2024-01-01,87,201352,False,0.49373898496343055,0.3472571214774346,11,-4.841643961416571,0,0.11741361132013625,0.4544043124006846,0.2031323744579469,0.2921247684910345,0.39152553571224086,122.89735329315111,4
1McMsnEElThX1knmY4oliG,Olivia Rodrigo,Mainstream,track_1McMsnEElThX1knmY4oliG_1,Olivia Rodrigo Hit 2,Olivia Rodrigo Album,2020-01-01,70,226959,False,0.5077840702264622,0.5083423074796674,0,-5.314369675194753,0,0.06648749891368813,0.3534813964710928,0.16320349862950362,0.41990981805567035,0.45895740510016075,137.1576621226286,4
1McMsnEElThX1knmY4oliG,Olivia Rodrigo,Mainstream,track_1McMsnEElThX1knmY4oliG_2,Olivia Rodrigo Hit 3,Olivia Rodrigo Album,2024-01-01,71,227280,True,0.7701720780126478,0.48751900020204725,1,-3.547189712259232,1,0.15785481927319794,0.3464720555367733,0.1413594791779199,0.08592205913141093,0.5013606196785543,129.03265403299193,4
1McMsnEElThX1knmY4oliG,Olivia Rodrigo,Mainstream,track_1McMsnEElThX1knmY4oliG_3,Olivia Rodrigo Hit 4,Olivia Rodrigo Album,2024-01-01,81,204466,True,0.438765141403632,0.691982417928374,2,-2.6267216283913113,1,0.11584713085060816,0.6801871225989149,0.0,0.18971229559083397,0.659650814285089,116.08278359824324,4
1McMsnEElThX1knmY4oliG,Olivia Rodrigo,Mainstream,track_1McMsnEElThX1knmY4oliG_4,Olivia Rodrigo Hit 5,Olivia Rodrigo Album,2023-01-01,76,231934,False,0.5144781181075446,0.7736969025573044,8,-4.289079982634711,1,0.16436621950760702,0.5095884123504285,0.016460427722620713,0.12613691879739308,0.466388986862327,142.3603130915228,4
1McMsnEElThX1knmY4oliG,Olivia Rodrigo,Mainstream,track_1McMsnEElThX1knmY4oliG_5,Olivia Rodrigo Hit 6,Olivia Rodrigo Album,2022-01-01,75,188335,False,0.6197187601171831,0.3680612460933066,2,-5.0700383405178355,0,0.009034603566763819,0.16136263455271613,0.0,0.3171245789321544,0.8171292985771466,135.59133454480764,4
1McMsnEElThX1knmY4oliG,Olivia Rodrigo,Mainstream,track_1McMsnEElThX1knmY4oliG_6,Olivia Rodrigo Hit 7,Olivia Rodrigo Album,2022-01-01,78,191130,True,0.45198209313906823,0.9464044987231581,7,-5.102438962866967,0,0.04851826588360619,0.23839314316285173,0.127966053226934,0.33103087461196085,0.7791367621579912,108.75663946843396,4
1McMsnEElThX1knmY4oliG,Olivia Rodrigo,Mainstream,track_1McMsnEElThX1knmY4oliG_7,Olivia Rodrigo Hit 8,Olivia Rodrigo Album,2024-01-01,74,207192,True,0.5686167189383208,0.31331236155580994,5,-7.611740132992377,1,0.018555490821274265,0.5544974893197478,0.23913878495503388,0.15379039813486017,0.49080599841657097,97.06670570958192,4
1McMsnEElThX1knmY4oliG,Olivia Rodrigo,Mainstream,track_1McMsnEElThX1knmY4oliG_8,Olivia Rodrigo Hit 9,Olivia Rodrigo Album,2024-01-01,80,201689,True,0.600823882536509,0.5548589472537606,10,-9.534594706221153,1,0.027451336877945598,0.24824078746657952,0.20986471705047172,0.2560919447941239,0.4409039363941679,133.9390880902147,4
1McMsnEElThX1knmY4oliG,Olivia Rodrigo,Mainstream,track_1McMsnEElThX1knmY4oliG_9,Olivia Rodrigo Hit 10,Olivia Rodrigo Album,2021-01-01,85,203714,False,0.5499270765365984,0.8846249275173284,0,-5.260715615603813,0,0.023016674036334006,0.0027445940099412036,0.10289579363925204,0.0,0.5366600424209986,96.39414120820213,4
5K4W6rqBFWDnAN6FQUkS6x,Kanye West,Mainstream,track_5K4W6rqBFWDnAN6FQUkS6x_0,Kanye West Hit 1,Kanye West Album,2022-01-01,78,186801,False,0.8359221961375771,0.7000904815455555,10,-6.866519766975087,1,0.1509962289798487,0.1424432496183522,0.0,0.18318561814152104,0.4055818844605745,80.41400379248424,4
5K4W6rqBFWDnAN6FQUkS6x,Kanye West,Mainstream,track_5K4W6rqBFWDnAN6FQUkS6x_1,Kanye West Hit 2,Kanye West Album,2020-01-01,79,224261,True,0.71218653841763,0.4354513948520387,2,-5.521506271777701,0,0.08973564542559495,0.766832716025408,0.0791861762000015,0.2899464971148246,0.8921382544322094,142.54716486349517,4
5K4W6rqBFWDnAN6FQUkS6x,Kanye West,Mainstream,track_5K4W6rqBFWDnAN6FQUkS6x_2,Kanye West Hit 3,Kanye West Album,2024-01-01,81,219081,False,0.5328128280469523,0.3948335826860124,11,-5.08987772212207,1,0.13803863748353068,0.35074793229891466,0.09676931717654333,0.30857863249393475,0.519596630694179,126.16101079008205,4
5K4W6rqBFWDnAN6FQUkS6x,Kanye West,Mainstream,track_5K4W6rqBFWDnAN6FQUkS6x_3,Kanye West Hit 4,Kanye West Album,2022-01-01,87,234693,False,0.5412527148867313,0.7038253882490215,3,-6.686384550994821,0,0.09376911019049353,0.06548167822945145,0.048652817833484206,0.2390522897565001,0.5510546774827125,140.9179343099174,4
5K4W6rqBFWDnAN6FQUkS6x,Kanye West,Mainstream,track_5K4W6rqBFWDnAN6FQUkS6x_4,Kanye West Hit 5,Kanye West Album,2024-01-01,88,237854,False,0.38279154419389655,0.4814514819970117,0,-9.62974608874845,0,0.1968194651284455,0.0,0.3637748533659994,0.3056056809066052,0.5446477828258319,118.90211998767427,4
5K4W6rqBFWDnAN6FQUkS6x,Kanye West,Mainstream,track_5K4W6rqBFWDnAN6FQUkS6x_5,Kanye West Hit 6,Kanye West Album,2024-01-01,85,215909,False,0.6428331112286485,0.7542244856758678,3,-4.709568828099886,0,0.1582903009604193,0.25910900406295506,0.036474567460630755,0.30035665601832856,0.9666488808570601,123.84565348798083,4
5K4W6rqBFWDnAN6FQUkS6x,Kanye West,Mainstream,track_5K4W6rqBFWDnAN6FQUkS6x_6,Kanye West Hit 7,Kanye West Album,2022-01-01,77,206790,False,0.8935595460812462,0.6017171179159588,10,-5.8419998327778755,1,0.15397718104058206,0.10566865309174278,0.0,0.1373282775410035,0.6724786944765517,139.06250090752172,4
5K4W6rqBFWDnAN6FQUkS6x,Kanye West,Mainstream,track_5K4W6rqBFWDnAN6FQUkS6x_7,Kanye West Hit 8,Kanye West Album,2021-01-01,70,195485,False,0.6769628130145939,0.7950191573695995,0,-4.967643425770083,0,0.12106899055490414,0.18123196755067222,0.11971028559082725,0.31824538266053043,0.6169006432238618,128.993118132517,4
5K4W6rqBFWDnAN6FQUkS6x,Kanye West,Mainstream,track_5K4W6rqBFWDnAN6FQUkS6x_8,Kanye West Hit 9,Kanye West Album,2024-01-01,71,189435,False,0.4849418240143985,0.6923634157948956,8,-7.919655993827296,1,0.14875255476517343,0.16496434500512366,0.03554813292844822,0.12075800790000388,0.43840769407219193,82.12770666092429,4
5K4W6rqBFWDnAN6FQUkS6x,Kanye West,Mainstream,track_5K4W6rqBFWDnAN6FQUkS6x_9,Kanye West Hit 10,Kanye West Album,2023-01-01,81,193116,False,0.6319940561059407,0.6502410950724449,9,-7.634177262136381,1,0.09103947626873057,0.3165025398646379,0.03386356269904695,0.12904277070467754,0.30039403256405595,104.7313731969999,4
4dpARuHxo51G3z768sgnrY,Adele,Mainstream,track_4dpARuHxo51G3z768sgnrY_0,Adele Hit 1,Adele Album,2020-01-01,87,241629,False,0.7309378780156179,0.5240189490563175,7,-4.341050316136503,0,0.09030869306135983,0.5300592052602787,0.07798426609976086,0.05226719590938603,0.5515521765720222,149.62477097177606,4
4dpARuHxo51G3z768sgnrY,Adele,Mainstream,track_4dpARuHxo51G3z768sgnrY_1,Adele Hit 2,Adele Album,2023-01-01,73,203960,False,0.5282133833067799,0.7696115392905818,9,-7.69877383031181,1,0.11096158338774868,0.5578539725431273,0.09253024042278617,0.42187396772008423,0.18701732615614608,115.6561329987807,4
4dpARuHxo51G3z768sgnrY,Adele,Mainstream,track_4dpARuHxo51G3z768sgnrY_2,Adele Hit 3,Adele Album,2025-01-01,84,247641,True,0.43731993100619226,0.44675016510835014,3,-5.215168065642466,1,0.07455181871462507,0.07538788797108961,0.017577518100170962,0.10357053602436318,0.6871763112543432,102.59464899638053,4
4dpARuHxo51G3z768sgnrY,Adele,Mainstream,track_4dpARuHxo51G3z768sgnrY_3,Adele Hit 4,Adele Album,2024-01-01,75,200559,False,0.5679431772006177,0.7620612882646212,1,-7.231257348995129,1,0.1442496693040555,0.34181384602357306,0.0,0.443776958805973,0.5959574885968352,116.52226716821664,4
4dpARuHxo51G3z768sgnrY,Adele,Mainstream,track_4dpARuHxo51G3z768sgnrY_4,Adele Hit 5,Adele Album,2022-01-01,85,210354,False,0.5745826143774948,0.6799194956147108,8,-6.952441747089318,1,0.14371945903563638,0.0,0.0,0.21848132707641854,0.5920839458880096,134.76160749819303,4
4dpARuHxo51G3z768sgnrY,Adele,Mainstream,track_4dpARuHxo51G3z768sgnrY_5,Adele Hit 6,Adele Album,2021-01-01,75,197640,True,0.6166334218331652,0.7423024810031618,6,-4.193038582918637,0,0.14826987422955853,0.5472261443612436,0.05886575909614375,0.21973157074055957,0.37646962091312997,113.678542879459,4
4dpARuHxo51G3z768sgnrY,Adele,Mainstream,track_4dpARuHxo51G3z768sgnrY_6,Adele Hit 7,Adele Album,2020-01-01,87,199087,False,0.6923656724656713,0.8907768874337633,9,-6.00701598401708,0,0.05149980162454786,0.0,0.05168907162424837,0.05585179383902225,0.4581094868701849,91.90871485860717,4
4dpARuHxo51G3z768sgnrY,Adele,Mainstream,track_4dpARuHxo51G3z768sgnrY_7,Adele Hit 8,Adele Album,2022-01-01,78,190975,True,0.3875253547380799,0.8970243643897057,1,-6.640183961888781,1,0.14668919564361715,0.234927424329717,0.13375078724832393,0.3306874095875274,0.6296274539815067,135.1170991951988,4
4dpARuHxo51G3z768sgnrY,Adele,Mainstream,track_4dpARuHxo51G3z768sgnrY_8,Adele Hit 9,Adele Album,2025-01-01,78,203959,False,0.5852341520766552,0.5632067715854379,7,-3.4508162494129704,1,0.1405031152026346,0.2313177800824065,0.24646950479689084,0.11918064149495783,0.5308634253272562,122.26938073430952,4
4dpARuHxo51G3z768sgnrY,Adele,Mainstream,track_4dpARuHxo51G3z768sgnrY_9,Adele Hit 10,Adele Album,2021-01-01,86,241529,False,0.5533868292328801,0.7528801873140876,4,-4.820555814517234,1,0.11491887263005897,0.17301861605151694,0.07917303772534079,0.18168217310947715,0.6006569337633297,136.26147263258997,4
4LLpKhyESsyAXpc4laK94U,Steve Lacy,Mid-Size,track_4LLpKhyESsyAXpc4laK94U_0,Steve Lacy Hit 1,Steve Lacy Album,2023-01-01,62,213307,True,0.47113680864538954,0.8890672236005632,11,-6.154744782665546,0,0.10075096132971448,0.5823753037789055,0.0,0.03038209323044122,0.4342930183074536,111.16063605491581,4
4LLpKhyESsyAXpc4laK94U,Steve Lacy,Mid-Size,track_4LLpKhyESsyAXpc4laK94U_1,Steve Lacy Hit 2,Steve Lacy Album,2020-01-01,76,200159,False,0.5495889020774946,0.6963296030967966,9,-3.804315278223455,0,0.023764727500609706,0.02928802877312131,0.0239045167040742,0.07122245547017622,0.25874573814343965,94.39463181274121,4
4LLpKhyESsyAXpc4laK94U,Steve Lacy,Mid-Size,track_4LLpKhyESsyAXpc4laK94U_2,Steve Lacy Hit 3,Steve Lacy Album,2020-01-01,71,235284,False,0.47300824363000066,0.7962493013340812,8,-4.022661661283995,0,0.032427711755401434,0.37115859498553244,0.1268517114149556,0.3261933876731535,0.5359436906196898,88.95245076829877,4
4LLpKhyESsyAXpc4laK94U,Steve Lacy,Mid-Size,track_4LLpKhyESsyAXpc4laK94U_3,Steve Lacy Hit 4,Steve Lacy Album,2023-01-01,64,207532,False,0.7183445032851596,0.5556280811133073,7,-6.79505964191092,0,0.11560347988974838,0.3299863340126782,0.0,0.4407377583931219,0.5345188207829732,111.14549895630677,4
4LLpKhyESsyAXpc4laK94U,Steve Lacy,Mid-Size,track_4LLpKhyESsyAXpc4laK94U_4,Steve Lacy Hit 5,Steve Lacy Album,2024-01-01,74,185713,False,0.6227428241040945,0.655085340522327,6,-4.925818333877713,1,0.1025813188355604,0.16583279265330106,0.11296998527125834,0.2768342949486146,0.789572287215349,97.25717238927555,4
4LLpKhyESsyAXpc4laK94U,Steve Lacy,Mid-Size,track_4LLpKhyESsyAXpc4laK94U_5,Steve Lacy Hit 6,Steve Lacy Album,2024-01-01,65,245545,False,0.45908913242992244,0.6542764422209412,3,-5.244544675356729,0,0.12191912900642016,0.09365659761328787,0.17431834372143584,0.11011868119650983,0.3589148703841648,121.24631290861073,4
4LLpKhyESsyAXpc4laK94U,Steve Lacy,Mid-Size,track_4LLpKhyESsyAXpc4laK94U_6,Steve Lacy Hit 7,Steve Lacy Album,2021-01-01,67,217892,True,0.7671774426327689,0.8727897266431323,1,-8.178160232295609,1,0.09220892628354486,0.5071166575245944,0.0,0.24556186195245389,0.47042860003125386,122.15390011293564,4
4LLpKhyESsyAXpc4laK94U,Steve Lacy,Mid-Size,track_4LLpKhyESsyAXpc4laK94U_7,Steve Lacy Hit 8,Steve Lacy Album,2020-01-01,79,188415,False,0.6617679436568801,0.3884851232217998,2,-5.616678216530434,1,0.09711960181422476,0.524647864964764,0.0801619247953597,0.2687966952116033,0.024866797781476768,131.964987492599,4
4LLpKhyESsyAXpc4laK94U,Steve Lacy,Mid-Size,track_4LLpKhyESsyAXpc4laK94U_8,Steve Lacy Hit 9,Steve Lacy Album,2022-01-01,63,226540,True,0.4857467690649602,0.7119754569166293,3,-9.196248703767495,0,0.12310863330409715,0.1355136845490274,0.1816958836686704,0.1163372070709369,0.8166451059385014,140.99968585142767,4
4LLpKhyESsyAXpc4laK94U,Steve Lacy,Mid-Size,track_4LLpKhyESsyAXpc4laK94U_9,Steve Lacy Hit 10,Steve Lacy Album,2020-01-01,77,188702,True,0.5523329093495896,0.5041841673794603,0,-3.904174061738843,0,0.052178181159099564,0.3944812555760755,0.1984116028535965,0.235561334878566,0.4373883938953691,119.98582810846708,4
738wLrAtLtCtFqdk3lAkpQ,Omar Apollo,Mid-Size,track_738wLrAtLtCtFqdk3lAkpQ_0,Omar Apollo Hit 1,Omar Apollo Album,2025-01-01,63,240100,False,0.41243883990454233,0.7709030652710733,11,-5.879356170934056,1,0.03383644884474475,0.2692347945603267,0.0,0.19802509064653728,0.4026840218652385,104.0765859061251,4
738wLrAtLtCtFqdk3lAkpQ,Omar Apollo,Mid-Size,track_738wLrAtLtCtFqdk3lAkpQ_1,Omar Apollo Hit 2,Omar Apollo Album,2025-01-01,77,230612,False,0.6508490527963869,0.4984015554962653,10,-9.132699465928185,1,0.0675313480839287,0.5642608064546024,0.19196030045136375,0.13995764342612949,0.12669200972787675,140.15027379673845,4
738wLrAtLtCtFqdk3lAkpQ,Omar Apollo,Mid-Size,track_738wLrAtLtCtFqdk3lAkpQ_2,Omar Apollo Hit 3,Omar Apollo Album,2024-01-01,75,184809,False,0.4973055261359994,0.8081251198325538,3,-9.680658072468344,0,0.18050857646893032,0.15798377619191248,0.0,0.0473729003277788,0.5065151154817124,124.27807736402963,4
738wLrAtLtCtFqdk3lAkpQ,Omar Apollo,Mid-Size,track_738wLrAtLtCtFqdk3lAkpQ_3,Omar Apollo Hit 4,Omar Apollo Album,2020-01-01,66,218765,True,0.5715879493527675,0.34195047359378467,2,-2.033227530296577,0,0.1808606287484312,0.32087118750464255,0.0,0.06696863742610101,0.46217592184459333,138.4330022384892,4
738wLrAtLtCtFqdk3lAkpQ,Omar Apollo,Mid-Size,track_738wLrAtLtCtFqdk3lAkpQ_4,Omar Apollo Hit 5,Omar Apollo Album,2024-01-01,67,237091,True,0.5808676319433699,0.9522309860494695,1,-5.181943892514726,0,0.03372450441587968,0.4492201973738648,0.0,0.20921795096364873,0.4366883295474976,91.88490538694089,4
738wLrAtLtCtFqdk3lAkpQ,Omar Apollo,Mid-Size,track_738wLrAtLtCtFqdk3lAkpQ_5,Omar Apollo Hit 6,Omar Apollo Album,2020-01-01,72,216187,True,0.4603098630425603,0.6282047815409302,7,-3.9320734870019547,0,0.07607163789919431,0.4915455307324019,0.15370472887399295,0.2740590868103047,0.3095642386521301,128.45310131003208,4
738wLrAtLtCtFqdk3lAkpQ,Omar Apollo,Mid-Size,track_738wLrAtLtCtFqdk3lAkpQ_6,Omar Apollo Hit 7,Omar Apollo Album,2021-01-01,78,241877,False,0.6164205906070933,0.8605057882699327,7,-5.263032793326008,0,0.09102447686292442,0.36953529670766727,0.0012771435886447663,0.13242919208383883,0.506830483497605,98.25508122274394,4
738wLrAtLtCtFqdk3lAkpQ,Omar Apollo,Mid-Size,track_738wLrAtLtCtFqdk3lAkpQ_7,Omar Apollo Hit 8,Omar Apollo Album,2022-01-01,62,217131,False,0.43712623066722217,0.7858746565913007,8,-8.297588070317312,0,0.12955543067692715,0.5793696403626656,0.0,0.107647460823127,0.4282781361084915,103.51882316921976,4
738wLrAtLtCtFqdk3lAkpQ,Omar Apollo,Mid-Size,track_738wLrAtLtCtFqdk3lAkpQ_8,Omar Apollo Hit 9,Omar Apollo Album,2023-01-01,75,204285,False,0.7058047815342676,0.4997747886147109,5,-2.5222006724048422,0,0.1489429025390898,0.599473794186825,0.0,0.025161834385913517,0.5266187470273568,113.5045305344165,4
738wLrAtLtCtFqdk3lAkpQ,Omar Apollo,Mid-Size,track_738wLrAtLtCtFqdk3lAkpQ_9,Omar Apollo Hit 10,Omar Apollo Album,2020-01-01,64,199198,True,0.9450593464027757,0.7450732068694425,8,-6.2926847073096726,0,0.08080143640238242,0.3500400412503389,0.24956674897839642,0.5109918556005362,0.6213446118272365,116.33606762559225,4
2FXC3k01G6Gw61bmprjgqS,Arlo Parks,Mid-Size,track_2FXC3k01G6Gw61bmprjgqS_0,Arlo Parks Hit 1,Arlo Parks Album,2024-01-01,54,217441,False,0.6801758472720825,0.8275310851747673,6,-4.367854313212304,0,0.09628945107253047,0.2590152416451782,0.04321222279270233,0.2641815530241691,0.2772293800797733,134.7474627052165,4
2FXC3k01G6Gw61bmprjgqS,Arlo Parks,Mid-Size,track_2FXC3k01G6Gw61bmprjgqS_1,Arlo Parks Hit 2,Arlo Parks Album,2025-01-01,66,186949,False,0.7711699097296876,0.9768269986977737,0,-10.286734648274718,0,0.16457017741080043,0.0,0.12941400600761793,0.1779745398503912,0.5512109728566519,113.5352407095582,4
2FXC3k01G6Gw61bmprjgqS,Arlo Parks,Mid-Size,track_2FXC3k01G6Gw61bmprjgqS_2,Arlo Parks Hit 3,Arlo Parks Album,2021-01-01,53,203386,True,0.7613090168469115,0.7226238683342715,6,-4.45173707676127,0,0.04992814617474611,0.36128197099704257,0.2342479044567211,0.0,0.7699479059101251,116.38479020408879,4
2FXC3k01G6Gw61bmprjgqS,Arlo Parks,Mid-Size,track_2FXC3k01G6Gw61bmprjgqS_3,Arlo Parks Hit 4,Arlo Parks Album,2021-01-01,48,233413,False,0.30774791108590926,0.734109021845624,8,-6.605911075968635,1,0.15270643380094895,0.5987165538617739,0.1467487749238639,0.14390647857762534,0.3435952269785121,120.05523671767872,4
2FXC3k01G6Gw61bmprjgqS,Arlo Parks,Mid-Size,track_2FXC3k01G6Gw61bmprjgqS_4,Arlo Parks Hit 5,Arlo Parks Album,2023-01-01,58,223088,False,0.6639179289606992,0.6133617308565755,1,-5.860506302317902,1,0.06801177362779334,0.05462489309724211,0.006535491020980541,0.2676310059997579,0.4725291652187712,140.18130592094656,4
2FXC3k01G6Gw61bmprjgqS,Arlo Parks,Mid-Size,track_2FXC3k01G6Gw61bmprjgqS_5,Arlo Parks Hit 6,Arlo Parks Album,2023-01-01,58,235479,False,0.5721855798520389,0.3636964004553372,0,-4.805450224886834,1,0.08770750105110017,0.17715267629026057,0.0,0.22117497180811274,0.3993838921790689,94.99863021587211,4
2FXC3k01G6Gw61bmprjgqS,Arlo Parks,Mid-Size,track_2FXC3k01G6Gw61bmprjgqS_6,Arlo Parks Hit 7,Arlo Parks Album,2020-01-01,48,194388,False,0.5161507908177003,0.7180118733721603,6,-2.9593215253809944,1,0.07526095271165584,0.2945420120720598,0.02327438855769734,0.23881702576679903,0.5077454040739223,93.24581152164401,4
2FXC3k01G6Gw61bmprjgqS,Arlo Parks,Mid-Size,track_2FXC3k01G6Gw61bmprjgqS_7,Arlo Parks Hit 8,Arlo Parks Album,2025-01-01,57,192015,False,0.6358996200596222,0.38064751824724724,0,-5.251038707183109,1,0.10868383230692631,0.15973256167945718,0.22056429425254448,0.211924332929589,0.6602328039647846,162.2174527404856,4
2FXC3k01G6Gw61bmprjgqS,Arlo Parks,Mid-Size,track_2FXC3k01G6Gw61bmprjgqS_8,Arlo Parks Hit 9,Arlo Parks Album,2020-01-01,52,186090,True,0.4773897283366918,0.7371349821811823,6,-6.1667685505485865,1,0.10928462948705298,0.21978822997512276,0.23706633761924684,0.21146215091999898,0.32482008445677824,147.49066909382609,4
2FXC3k01G6Gw61bmprjgqS,Arlo Parks,Mid-Size,track_2FXC3k01G6Gw61bmprjgqS_9,Arlo Parks Hit 10,Arlo Parks Album,2023-01-01,60,221240,False,0.7432913214356173,0.8515306985200793,8,-10.012260406204788,0,0.14282253400075795,0.6527114880013436,0.0,0.21694418308596866,0.4732222146868569,99.86041053106717,4
45eNHdiiAjOwp6L4D4228I,Conan Gray,Mid-Size,track_45eNHdiiAjOwp6L4D4228I_0,Conan Gray Hit 1,Conan Gray Album,2022-01-01,50,208732,True,0.4055964569622912,0.7514162517519098,2,-6.429820710300157,1,0.11383967246626442,0.01109653259954535,0.1930346598847928,0.21420558115939997,0.39982371173958403,132.42437093878095,4
45eNHdiiAjOwp6L4D4228I,Conan Gray,Mid-Size,track_45eNHdiiAjOwp6L4D4228I_1,Conan Gray Hit 2,Conan Gray Album,2022-01-01,63,216668,True,0.5755680633810838,0.7902648274097488,9,-5.866036384362534,1,0.1378952698055506,0.5918214314603956,0.0,0.2697586600347178,0.4949982587381917,162.11354132681262,4
45eNHdiiAjOwp6L4D4228I,Conan Gray,Mid-Size,track_45eNHdiiAjOwp6L4D4228I_2,Conan Gray Hit 3,Conan Gray Album,2025-01-01,67,196907,True,0.47484537315059744,0.8842852695527745,3,-5.366919346782736,1,0.10948304385317105,0.3521778129364194,0.07971273521194043,0.0,0.6164896249309663,159.3068292344417,4
45eNHdiiAjOwp6L4D4228I,Conan Gray,Mid-Size,track_45eNHdiiAjOwp6L4D4228I_3,Conan Gray Hit 4,Conan Gray Album,2021-01-01,51,203624,True,0.6809670388487935,0.4584583502220524,6,-4.700076867692226,0,0.05134423198893399,0.0,0.09603298731798138,0.06504511518256303,0.15624982142756705,145.49978238600087,4
45eNHdiiAjOwp6L4D4228I,Conan Gray,Mid-Size,track_45eNHdiiAjOwp6L4D4228I_4,Conan Gray Hit 5,Conan Gray Album,2020-01-01,53,235645,True,0.715226934669427,0.5833656670338146,2,-9.65494870810598,1,0.09725956825412611,0.39644979053613144,0.0,0.28691560643892733,0.6774581674533484,104.73427791642837,4
45eNHdiiAjOwp6L4D4228I,Conan Gray,Mid-Size,track_45eNHdiiAjOwp6L4D4228I_5,Conan Gray Hit 6,Conan Gray Album,2024-01-01,51,244291,False,0.6056906753171403,0.7866657985622139,5,-6.418627639158723,0,0.014110295209586954,0.35697372869808347,0.131034501553631,0.17303583747031392,0.7213929532605283,132.8237332482214,4
45eNHdiiAjOwp6L4D4228I,Conan Gray,Mid-Size,track_45eNHdiiAjOwp6L4D4228I_6,Conan Gray Hit 7,Conan Gray Album,2020-01-01,65,230428,False,0.9212074677766615,0.499879420483757,10,-3.8906668424624735,1,0.1218040977563625,0.6985030706336237,0.0,0.145044286409142,0.6719175773959604,112.2573870042097,4
45eNHdiiAjOwp6L4D4228I,Conan Gray,Mid-Size,track_45eNHdiiAjOwp6L4D4228I_7,Conan Gray Hit 8,Conan Gray Album,2025-01-01,54,208699,False,0.5931883173101642,0.6550776841084821,10,-9.839346312395312,1,0.14894620034327122,0.0986973414580839,0.047129140978777205,0.18462624276727801,0.7975454071316533,121.70562635931478,4
45eNHdiiAjOwp6L4D4228I,Conan Gray,Mid-Size,track_45eNHdiiAjOwp6L4D4228I_8,Conan Gray Hit 9,Conan Gray Album,2021-01-01,55,184621,True,0.7213339380159014,0.7592927528295326,2,-6.662616766366646,1,0.06938816327461249,0.2791751691550955,0.12797554962888208,0.037707241916990236,0.5706861732972824,114.57037064786131,4
45eNHdiiAjOwp6L4D4228I,Conan Gray,Mid-Size,track_45eNHdiiAjOwp6L4D4228I_9,Conan Gray Hit 10,Conan Gray Album,2022-01-01,61,185122,False,0.6233283638932494,0.6721364811311653,6,-5.748600355646032,1,0.12845396297678216,0.5465049766235813,0.0,0.12194599017706745,0.3522929148997628,98.15908401098082,4
5LHRHt1k9lMyONurDHEdrp,Tame Impala,Mid-Size,track_5LHRHt1k9lMyONurDHEdrp_0,Tame Impala Hit 1,Tame Impala Album,2025-01-01,57,218638,True,0.5287953345544412,0.8566237030799682,8,-5.164652603032427,0,0.14234985438447292,0.19802829244714332,0.0,0.17871917385183955,0.49252522804027743,112.6554201933901,4
5LHRHt1k9lMyONurDHEdrp,Tame Impala,Mid-Size,track_5LHRHt1k9lMyONurDHEdrp_1,Tame Impala Hit 2,Tame Impala Album,2021-01-01,62,214674,True,0.3245738303351253,0.9689468014633833,3,-7.277723055888746,0,0.0,0.2166594799531332,0.11195664721781073,0.24107306632690934,0.7923476267069788,123.22102957193177,4
5LHRHt1k9lMyONurDHEdrp,Tame Impala,Mid-Size,track_5LHRHt1k9lMyONurDHEdrp_2,Tame Impala Hit 3,Tame Impala Album,2020-01-01,63,190267,True,0.6561417270721718,0.2822986336394899,0,-2.8555156669606943,0,0.07097915763909851,0.15808402905016547,0.0,0.17829829495756297,0.43830344230883606,168.53432972691044,4
5LHRHt1k9lMyONurDHEdrp,Tame Impala,Mid-Size,track_5LHRHt1k9lMyONurDHEdrp_3,Tame Impala Hit 4,Tame Impala Album,2020-01-01,51,186229,False,0.6649439738041044,0.37447649984915254,11,-7.129548008341884,1,0.15106916477146992,0.7176885545739851,0.0,0.012007561486095497,0.8741930350743565,127.79228354741808,4
5LHRHt1k9lMyONurDHEdrp,Tame Impala,Mid-Size,track_5LHRHt1k9lMyONurDHEdrp_4,Tame Impala Hit 5,Tame Impala Album,2023-01-01,51,183596,False,0.46975609021854503,0.756925817224487,1,-4.939617385314177,0,0.002077922893268108,0.4097757687637913,0.27192012719617786,0.2251836750623619,0.3166230616562876,113.28538010160557,4
5LHRHt1k9lMyONurDHEdrp,Tame Impala,Mid-Size,track_5LHRHt1k9lMyONurDHEdrp_5,Tame Impala Hit 6,Tame Impala Album,2023-01-01,58,206734,False,0.48158319596385185,0.7366979434897045,6,-7.6121351174996095,0,0.14292255583283328,0.2530758860085172,0.053823799496002835,0.055140858536645604,0.4400646703986426,118.9959076591651,4
5LHRHt1k9lMyONurDHEdrp,Tame Impala,Mid-Size,track_5LHRHt1k9lMyONurDHEdrp_6,Tame Impala Hit 7,Tame Impala Album,2025-01-01,66,192910,False,0.9931189636544961,0.4276065948451673,4,-4.547993134864663,1,0.05296775511795429,0.5488996152042116,0.06320209226175573,0.23614420369473255,0.5676693333843181,78.28368282153423,4
5LHRHt1k9lMyONurDHEdrp,Tame Impala,Mid-Size,track_5LHRHt1k9lMyONurDHEdrp_7,Tame Impala Hit 8,Tame Impala Album,2020-01-01,56,240004,False,0.5719695604724401,0.6022174316031943,2,-3.1396887268802436,0,0.05999807178011768,0.28729508507692897,0.17374381346841394,0.154269834491321,0.491435323737685,121.1604546961679,4
5LHRHt1k9lMyONurDHEdrp,Tame Impala,Mid-Size,track_5LHRHt1k9lMyONurDHEdrp_8,Tame Impala Hit 9,Tame Impala Album,2021-01-01,66,197260,False,0.7272646323307926,0.20062213320307898,3,-5.690783140958445,0,0.1590022684405585,0.26121011991146925,0.0,0.17052207157002566,0.769235652725325,98.4425637724562,4
5LHRHt1k9lMyONurDHEdrp,Tame Impala,Mid-Size,track_5LHRHt1k9lMyONurDHEdrp_9,Tame Impala Hit 10,Tame Impala Album,2020-01-01,67,207285,True,0.49669235003656276,0.39914022741284966,10,-8.941817514375197,0,0.06976276677308937,0.0,0.13970661968871323,0.3274875041278722,0.6303043982679012,97.24628659150366,4
3WGpXCj9YhhfX11TToZcXP,Remi Wolf,Mid-Size,track_3WGpXCj9YhhfX11TToZcXP_0,Remi Wolf Hit 1,Remi Wolf Album,2025-01-01,54,207139,False,0.5697762699078723,0.6486957369541084,11,-5.792122331702202,0,0.0710473726026373,0.5793193783162528,0.09146479851047827,0.27511308478058505,0.6248142830238952,97.11477137216583,4
3WGpXCj9YhhfX11TToZcXP,Remi Wolf,Mid-Size,track_3WGpXCj9YhhfX11TToZcXP_1,Remi Wolf Hit 2,Remi Wolf Album,2025-01-01,61,193046,True,0.6085935531679524,0.864849446788932,10,-2.9476273652766767,0,0.038426562570289584,0.5614968379086689,0.0,0.16481758276627784,0.6278539075713835,90.67584338207669,4
3WGpXCj9YhhfX11TToZcXP,Remi Wolf,Mid-Size,track_3WGpXCj9YhhfX11TToZcXP_2,Remi Wolf Hit 3,Remi Wolf Album,2024-01-01,66,189111,True,0.8203535096311151,0.5784112337197371,9,-2.2707498863538422,1,0.15549647979401682,0.15026395969897208,0.0,0.11949426076565964,0.8010831201016926,94.8932776862768,4
3WGpXCj9YhhfX11TToZcXP,Remi Wolf,Mid-Size,track_3WGpXCj9YhhfX11TToZcXP_3,Remi Wolf Hit 4,Remi Wolf Album,2021-01-01,50,208746,False,0.6529690856996815,0.8567850286171116,11,-5.429310319113497,1,0.031381269985029714,0.30620897955247134,0.07222661324482418,0.15206631385591485,0.73117701683854,111.58122228615431,4
3WGpXCj9YhhfX11TToZcXP,Remi Wolf,Mid-Size,track_3WGpXCj9YhhfX11TToZcXP_4,Remi Wolf Hit 5,Remi Wolf Album,2025-01-01,53,193234,False,0.7662506529955725,0.7693565559349953,5,-1.6238864814227458,0,0.1265995303805902,0.01559869501849337,0.16050607298029096,0.11825991030926503,0.3780864342328034,99.73368328804548,4
3WGpXCj9YhhfX11TToZcXP,Remi Wolf,Mid-Size,track_3WGpXCj9YhhfX11TToZcXP_5,Remi Wolf Hit 6,Remi Wolf Album,2021-01-01,55,190954,False,0.705177948910556,0.34481405624548084,6,-4.764250399070864,0,0.12761499688397618,0.42512618672920016,0.0,0.2582026567084727,0.5520884526667111,109.22316287614524,4
3WGpXCj9YhhfX11TToZcXP,Remi Wolf,Mid-Size,track_3WGpXCj9YhhfX11TToZcXP_6,Remi Wolf Hit 7,Remi Wolf Album,2022-01-01,57,186469,False,0.44871679738856873,0.25747486166548417,0,-9.399919441366043,0,0.0870304122031372,0.2334725363298082,0.09915421208773094,0.1461962756862578,0.5133831448474737,95.2931236570799,4
3WGpXCj9YhhfX11TToZcXP,Remi Wolf,Mid-Size,track_3WGpXCj9YhhfX11TToZcXP_7,Remi Wolf Hit 8,Remi Wolf Album,2023-01-01,51,238067,False,0.7746997812752358,0.7841481891900407,7,-6.584519523803539,0,0.11675290145420589,0.36323119143655563,0.09692675898085262,0.046442787679289416,0.6513577359973964,132.24937588027205,4
3WGpXCj9YhhfX11TToZcXP,Remi Wolf,Mid-Size,track_3WGpXCj9YhhfX11TToZcXP_8,Remi Wolf Hit 9,Remi Wolf Album,2020-01-01,58,247584,False,0.4474975307135254,0.6011839052651597,3,-6.3816348109086904,1,0.0981560219328105,0.05973933004643317,0.11918811448550873,0.3334903247843444,0.6259499756797349,141.42822603774982,4
3WGpXCj9YhhfX11TToZcXP,Remi Wolf,Mid-Size,track_3WGpXCj9YhhfX11TToZcXP_9,Remi Wolf Hit 10,Remi Wolf Album,2025-01-01,65,181917,True,0.9030073660394471,0.8433520925217893,9,-5.338853214749128,0,0.10724439165484456,0.3047806086569911,0.01485857642862675,0.3563413358832108,0.3363142668115997,150.64735449356232,4
7Hjbimq43OgxaBRpFXic4x,Phoebe Bridgers,Mid-Size,track_7Hjbimq43OgxaBRpFXic4x_0,Phoebe Bridgers Hit 1,Phoebe Bridgers Album,2023-01-01,59,227362,True,0.6749796185610557,0.3701387650396117,7,-8.973871945054235,1,0.03007401759674079,0.00583898366534652,0.06411692986915413,0.31184576448478774,0.6098631289116457,133.83619643667458,4
7Hjbimq43OgxaBRpFXic4x,Phoebe Bridgers,Mid-Size,track_7Hjbimq43OgxaBRpFXic4x_1,Phoebe Bridgers Hit 2,Phoebe Bridgers Album,2021-01-01,62,189865,False,0.8396059184928772,0.6367713430252666,1,-7.306183322700672,0,0.047054620647169976,0.5963326804925198,0.2462587190530795,0.20036956718478474,0.7022926070816713,146.82951831061763,4
7Hjbimq43OgxaBRpFXic4x,Phoebe Bridgers,Mid-Size,track_7Hjbimq43OgxaBRpFXic4x_2,Phoebe Bridgers Hit 3,Phoebe Bridgers Album,2024-01-01,64,214387,True,0.4886273651192424,0.5529388329264263,6,-8.412000402144939,1,0.11867466347008612,0.3186159745078893,0.0,0.2637371977587794,0.48662349230857244,123.38145058910374,4
7Hjbimq43OgxaBRpFXic4x,Phoebe Bridgers,Mid-Size,track_7Hjbimq43OgxaBRpFXic4x_3,Phoebe Bridgers Hit 4,Phoebe Bridgers Album,2024-01-01,63,199216,True,0.539893603877539,0.25135623531787704,3,-10.100696643124898,1,0.11216222849278136,0.44353814828789273,0.16841725276601455,0.22997745637215647,0.37053691833399255,124.37985046667986,4
7Hjbimq43OgxaBRpFXic4x,Phoebe Bridgers,Mid-Size,track_7Hjbimq43OgxaBRpFXic4x_4,Phoebe Bridgers Hit 5,Phoebe Bridgers Album,2025-01-01,69,222078,False,0.5371026682002418,0.6998023352729048,10,-7.61487080293923,1,0.09254974003180674,0.02236305796515864,0.11364095464207144,0.28342284065995493,0.8287380990504478,128.83551993177463,4
7Hjbimq43OgxaBRpFXic4x,Phoebe Bridgers,Mid-Size,track_7Hjbimq43OgxaBRpFXic4x_5,Phoebe Bridgers Hit 6,Phoebe Bridgers Album,2025-01-01,60,222929,True,0.6002192751287224,0.44739409807797004,6,-3.015964261277889,1,0.06983960519411893,0.17269485536487952,0.1366319950262057,0.36076409211162175,0.6164334088960116,123.14324699737637,4
7Hjbimq43OgxaBRpFXic4x,Phoebe Bridgers,Mid-Size,track_7Hjbimq43OgxaBRpFXic4x_6,Phoebe Bridgers Hit 7,Phoebe Bridgers Album,2022-01-01,63,245441,True,0.5333766963550842,0.7158746291167054,11,-5.31386598214813,1,0.11542250541657574,0.3987307130612176,0.0,0.1604184379897336,0.7734545612564165,118.07945189361293,4
7Hjbimq43OgxaBRpFXic4x,Phoebe Bridgers,Mid-Size,track_7Hjbimq43OgxaBRpFXic4x_7,Phoebe Bridgers Hit 8,Phoebe Bridgers Album,2022-01-01,71,185415,False,0.4091557898064022,0.6276795338314197,3,-7.542034836730499,0,0.07943050849862547,0.20319007272259632,0.0,0.25854907437496166,0.21700482562479034,94.0021144140735,4
7Hjbimq43OgxaBRpFXic4x,Phoebe Bridgers,Mid-Size,track_7Hjbimq43OgxaBRpFXic4x_8,Phoebe Bridgers Hit 9,Phoebe Bridgers Album,2023-01-01,64,221832,False,0.727660382103092,0.9501142737925338,4,-2.9759679999885558,1,0.09420539693194337,0.3699600049135815,0.0,0.19045357529109272,0.14475073330670962,118.38800501406479,4
7Hjbimq43OgxaBRpFXic4x,Phoebe Bridgers,Mid-Size,track_7Hjbimq43OgxaBRpFXic4x_9,Phoebe Bridgers Hit 10,Phoebe Bridgers Album,2023-01-01,69,195524,False,0.47504159144988617,0.8330780551120324,9,-7.09908054919107,0,0.04070697264348985,0.0,0.10418420893363174,0.36411595390915735,0.7258947178687892,133.6338137980761,4
3nFkdlSjzX9mRTtwJOb70,Rex Orange County,Mid-Size,track_3nFkdlSjzX9mRTtwJOb70_0,Rex Orange County Hit 1,Rex Orange County Album,2022-01-01,55,200611,False,0.5378818248081682,0.8111780457095652,6,-6.557766788301513,0,0.14225789855921608,0.0,0.24871309706701056,0.274692346907106,0.8912836506376902,141.81447172299667,4
3nFkdlSjzX9mRTtwJOb70,Rex Orange County,Mid-Size,track_3nFkdlSjzX9mRTtwJOb70_1,Rex Orange County Hit 2,Rex Orange County Album,2021-01-01,51,223303,False,0.7935773128305839,0.691053378720217,6,-6.524592024379666,0,0.1781444384254099,0.24520138363413915,0.025661602062498193,0.17001618037251195,0.8808273179146013,152.51917830724125,4
3nFkdlSjzX9mRTtwJOb70,Rex Orange County,Mid-Size,track_3nFkdlSjzX9mRTtwJOb70_2,Rex Orange County Hit 3,Rex Orange County Album,2025-01-01,50,198574,False,0.93281703501722,0.6181909579199898,3,-7.7565401473467315,0,0.14809783097776894,0.041694879646359706,0.07908528001767072,0.1091349704258562,0.3569903634066749,128.83972012790062,4
3nFkdlSjzX9mRTtwJOb70,Rex Orange County,Mid-Size,track_3nFkdlSjzX9mRTtwJOb70_3,Rex Orange County Hit 4,Rex Orange County Album,2020-01-01,68,191246,False,0.5354421785404475,0.7260762896432622,7,-6.381682637286701,0,0.044756860346874,0.3441082854027734,0.17179591523055585,0.1486803635486604,0.3564162218504796,115.38950749639498,4
3nFkdlSjzX9mRTtwJOb70,Rex Orange County,Mid-Size,track_3nFkdlSjzX9mRTtwJOb70_4,Rex Orange County Hit 5,Rex Orange County Album,2025-01-01,61,184018,False,0.7769587812541066,0.6888215261906716,4,-4.960001848404379,0,0.05110813998143572,0.3270804964967223,0.0,0.4529564505462822,0.6248838824513104,133.40200080250304,4
3nFkdlSjzX9mRTtwJOb70,Rex Orange County,Mid-Size,track_3nFkdlSjzX9mRTtwJOb70_5,Rex Orange County Hit 6,Rex Orange County Album,2025-01-01,63,204519,False,0.8048726628843073,0.5338352094306996,3,-5.739091775822646,0,0.061628949996416264,0.1247230533109393,0.0,0.22499017091177276,0.30004943978237364,104.32955631729236,4
3nFkdlSjzX9mRTtwJOb70,Rex Orange County,Mid-Size,track_3nFkdlSjzX9mRTtwJOb70_6,Rex Orange County Hit 7,Rex Orange County Album,2023-01-01,54,185408,False,0.705188333876509,0.686321813250702,10,-4.515694391247086,0,0.14994083223890756,0.0,2.6982384836934936e-05,0.1473752143482579,0.7776675556416897,112.29956376574273,4
3nFkdlSjzX9mRTtwJOb70,Rex Orange County,Mid-Size,track_3nFkdlSjzX9mRTtwJOb70_7,Rex Orange County Hit 8,Rex Orange County Album,2022-01-01,65,231356,True,0.6574483477111392,0.6782514280174927,3,-10.2611329596144,0,0.10106402185520318,0.4773464719109085,0.0,0.20018459552310058,0.5112672573624242,109.75708535303734,4
3nFkdlSjzX9mRTtwJOb70,Rex Orange County,Mid-Size,track_3nFkdlSjzX9mRTtwJOb70_8,Rex Orange County Hit 9,Rex Orange County Album,2020-01-01,64,212154,False,0.7799457118778871,0.6062691177008191,0,-4.701542419389804,1,0.13786967344886947,0.18603341435224824,0.08295087355730091,0.04828263033283209,0.6501158335043531,111.67611190229492,4
3nFkdlSjzX9mRTtwJOb70,Rex Orange County,Mid-Size,track_3nFkdlSjzX9mRTtwJOb70_9,Rex Orange County Hit 10,Rex Orange County Album,2025-01-01,65,199029,False,0.43048959914394636,0.5599974284008373,10,-3.4857015662748543,0,0.1162507068128271,0.21075146515604976,0.1254083170290472,0.08817258454347209,0.6485718959154463,122.27738800619368,4
7sfl4Xt5KmfyDs2T3SVSMK,Lil Uzi Vert,Mid-Size,track_7sfl4Xt5KmfyDs2T3SVSMK_0,Lil Uzi Vert Hit 1,Lil Uzi Vert Album,2024-01-01,67,223872,True,0.5040012274833826,0.6167557030579699,4,-6.864247418648107,1,0.1782309870580375,0.15623352247825392,0.12450053128772812,0.18053027038833183,0.4871623645783004,121.83504968896746,4
7sfl4Xt5KmfyDs2T3SVSMK,Lil Uzi Vert,Mid-Size,track_7sfl4Xt5KmfyDs2T3SVSMK_1,Lil Uzi Vert Hit 2,Lil Uzi Vert Album,2024-01-01,62,244435,False,0.6378360594640016,0.6267541913756084,0,-5.570573633658947,1,0.04138697735542501,0.5293758398503798,0.08313416467793405,0.2533400851237562,0.3074625935784093,100.38025603342163,4
7sfl4Xt5KmfyDs2T3SVSMK,Lil Uzi Vert,Mid-Size,track_7sfl4Xt5KmfyDs2T3SVSMK_2,Lil Uzi Vert Hit 3,Lil Uzi Vert Album,2024-01-01,69,244772,False,0.7486887987288132,0.8576755309530298,6,-3.220071862791595,1,0.08481201092401126,0.17920387480615407,0.027045134463965295,0.036051583747456595,0.4215057787878254,139.93141021158894,4
7sfl4Xt5KmfyDs2T3SVSMK,Lil Uzi Vert,Mid-Size,track_7sfl4Xt5KmfyDs2T3SVSMK_3,Lil Uzi Vert Hit 4,Lil Uzi Vert Album,2023-01-01,65,183756,False,0.5300256931157703,0.7780959590401648,11,-6.381006211995623,0,0.04522995484953817,0.3596783693132609,0.04448017657126235,0.2484878681532132,0.17019331293013873,120.19761219659526,4
7sfl4Xt5KmfyDs2T3SVSMK,Lil Uzi Vert,Mid-Size,track_7sfl4Xt5KmfyDs2T3SVSMK_4,Lil Uzi Vert Hit 5,Lil Uzi Vert Album,2022-01-01,58,194153,False,0.9113456313248757,0.5755455031428802,9,-8.627230292158133,0,0.14269042811545343,0.11021669583503252,0.22473631979155584,0.29321915642603846,0.4526889425562108,142.71240294365887,4
7sfl4Xt5KmfyDs2T3SVSMK,Lil Uzi Vert,Mid-Size,track_7sfl4Xt5KmfyDs2T3SVSMK_5,Lil Uzi Vert Hit 6,Lil Uzi Vert Album,2025-01-01,69,235318,False,0.43405597313825484,0.4850971676944653,2,-7.217179446479401,1,0.15092866515930203,0.358228861647208,0.008384814413855177,0.2410849204432683,0.2939611960204118,119.23718623951366,4
7sfl4Xt5KmfyDs2T3SVSMK,Lil Uzi Vert,Mid-Size,track_7sfl4Xt5KmfyDs2T3SVSMK_6,Lil Uzi Vert Hit 7,Lil Uzi Vert Album,2025-01-01,66,182443,False,0.6479101850393371,0.6758635196300253,3,-4.448465565193647,1,0.1686030711974843,0.3245686877080396,0.0,0.17226839434340196,0.643032480152137,137.04357769616036,4
7sfl4Xt5KmfyDs2T3SVSMK,Lil Uzi Vert,Mid-Size,track_7sfl4Xt5KmfyDs2T3SVSMK_7,Lil Uzi Vert Hit 8,Lil Uzi Vert Album,2025-01-01,59,197368,True,0.7877184632721397,1.0,2,-4.380221356677767,1,0.017255628188585198,0.10799074094410724,0.037729106640427584,0.20933723742766513,0.27395925506521523,168.23353351156842,4
7sfl4Xt5KmfyDs2T3SVSMK,Lil Uzi Vert,Mid-Size,track_7sfl4Xt5KmfyDs2T3SVSMK_8,Lil Uzi Vert Hit 9,Lil Uzi Vert Album,2023-01-01,66,219915,False,0.8274591082880359,0.7704236640784967,11,-4.022638879310523,1,0.11590525280263131,0.0,0.10822444775637607,0.193402537910919,0.590131111066931,111.38570599079418,4
7sfl4Xt5KmfyDs2T3SVSMK,Lil Uzi Vert,Mid-Size,track_7sfl4Xt5KmfyDs2T3SVSMK_9,Lil Uzi Vert Hit 10,Lil Uzi Vert Album,2023-01-01,72,240279,True,0.5780910172429249,0.6759000902016199,6,-6.6032677670705215,1,0.1278276562266879,0.03290368618002171,0.09860362894176371,0.04526960110616346,0.7165382107774146,110.57750696364243,4
0Y5tJX1MQlPlqiwlOH1tJY,Travis Scott,Mid-Size,track_0Y5tJX1MQlPlqiwlOH1tJY_0,Travis Scott Hit 1,Travis Scott Album,2021-01-01,50,245310,False,0.5859545716891243,0.915159329508438,7,-8.36860990203824,1,0.1098663175307439,0.0,0.0,0.15488411415910014,0.6103481599821841,144.00523499477657,4
0Y5tJX1MQlPlqiwlOH1tJY,Travis Scott,Mid-Size,track_0Y5tJX1MQlPlqiwlOH1tJY_1,Travis Scott Hit 2,Travis Scott Album,2025-01-01,48,224327,False,0.5305257956871902,0.5677146785767995,0,-3.6921985314885055,0,0.12053810947879422,0.2626393217477995,0.08360711679256691,0.39571745336396386,0.49463363125818804,109.72322766314457,4
0Y5tJX1MQlPlqiwlOH1tJY,Travis Scott,Mid-Size,track_0Y5tJX1MQlPlqiwlOH1tJY_2,Travis Scott Hit 3,Travis Scott Album,2022-01-01,66,202116,False,0.4279017048527489,0.5875156417009902,1,-5.882031556820805,1,0.1223436250401349,0.21200741751868468,0.10496994183110052,0.2075920534259487,0.17798571051712464,140.63735965069662,4
0Y5tJX1MQlPlqiwlOH1tJY,Travis Scott,Mid-Size,track_0Y5tJX1MQlPlqiwlOH1tJY_3,Travis Scott Hit 4,Travis Scott Album,2025-01-01,63,199256,False,0.8018704901044303,0.7974505065886396,9,-8.183222389256416,1,0.09418384803618711,0.2415360701323426,0.14124833895474148,0.18587069367939052,0.4871877922932222,130.59786309767546,4
0Y5tJX1MQlPlqiwlOH1tJY,Travis Scott,Mid-Size,track_0Y5tJX1MQlPlqiwlOH1tJY_4,Travis Scott Hit 5,Travis Scott Album,2025-01-01,48,243374,False,0.631194139602058,0.9784552115080878,4,-6.331056302706655,1,0.06603077150968249,0.20858715879113043,0.055467940848176155,0.20990690759234099,0.19653875686430133,109.17832340644361,4
0Y5tJX1MQlPlqiwlOH1tJY,Travis Scott,Mid-Size,track_0Y5tJX1MQlPlqiwlOH1tJY_5,Travis Scott Hit 6,Travis Scott Album,2020-01-01,58,237545,False,0.6421832327214688,0.4746139098432691,1,-8.22956780943303,1,0.09748585128187501,0.17217529550560712,0.0,0.10039648722973363,0.3996056585270613,114.73490339472741,4
0Y5tJX1MQlPlqiwlOH1tJY,Travis Scott,Mid-Size,track_0Y5tJX1MQlPlqiwlOH1tJY_6,Travis Scott Hit 7,Travis Scott Album,2024-01-01,58,220738,False,0.567086411111474,0.6322160598962476,4,-2.7472391886627343,0,0.07486901930841203,0.3604622610295285,0.12528272138084728,0.16032550210056265,0.4468448607091446,120.05621031372246,4
0Y5tJX1MQlPlqiwlOH1tJY,Travis Scott,Mid-Size,track_0Y5tJX1MQlPlqiwlOH1tJY_7,Travis Scott Hit 8,Travis Scott Album,2020-01-01,56,188577,False,0.8368175364918378,0.3364584412348458,9,-6.828979451745139,1,0.12497055345973014,0.24388466441103815,0.08379337206346621,0.17496013526299142,0.7501908948453698,124.52457641168174,4
0Y5tJX1MQlPlqiwlOH1tJY,Travis Scott,Mid-Size,track_0Y5tJX1MQlPlqiwlOH1tJY_8,Travis Scott Hit 9,Travis Scott Album,2022-01-01,65,216368,False,0.750362468800801,0.866945228434989,3,-7.444725478977999,1,0.06675652286880096,0.5083449328117703,0.10835443030118877,0.18704827531365592,0.6159714570590265,105.86214864025303,4
0Y5tJX1MQlPlqiwlOH1tJY,Travis Scott,Mid-Size,track_0Y5tJX1MQlPlqiwlOH1tJY_9,Travis Scott Hit 10,Travis Scott Album,2022-01-01,55,247526,True,0.7283333488531067,0.9798961788647842,0,-3.8587788800416276,1,0.12217508602922625,0.06962632308264516,0.0,0.09714234744938746,0.0503714226415673,145.2263620370009,4
4NZvixzsSefsNiIqXn0NDe,Faye Webster,Developing,track_4NZvixzsSefsNiIqXn0NDe_0,Faye Webster Hit 1,Faye Webster Album,2024-01-01,58,217148,False,0.5508264710485955,0.5823012071415405,8,-4.691788808286778,1,0.14334951098641363,0.1319058128628138,0.02752543794850154,0.08673309481231038,0.5688711538575912,112.5267584347166,4
4NZvixzsSefsNiIqXn0NDe,Faye Webster,Developing,track_4NZvixzsSefsNiIqXn0NDe_1,Faye Webster Hit 2,Faye Webster Album,2025-01-01,41,207696,True,0.5239092884109281,0.5312193655959396,10,-6.212442987684023,1,0.00453219562463536,0.5636604649705339,0.05726805243293414,0.15885068554378198,0.4821531691557102,119.24858710041038,4
4NZvixzsSefsNiIqXn0NDe,Faye Webster,Developing,track_4NZvixzsSefsNiIqXn0NDe_2,Faye Webster Hit 3,Faye Webster Album,2023-01-01,50,229840,False,0.34031980448326116,0.9489876454906472,6,-1.1417113559756933,1,0.1650156596067796,0.2516500722213106,0.12800702973910638,0.13697814468023928,0.513985853428128,144.20487001013754,4
4NZvixzsSefsNiIqXn0NDe,Faye Webster,Developing,track_4NZvixzsSefsNiIqXn0NDe_3,Faye Webster Hit 4,Faye Webster Album,2025-01-01,51,200806,False,0.5596475180377766,0.5318365802528391,7,-4.689918772436421,1,0.09446673157213353,0.12067155453695835,0.1341983695452127,0.1630792799552554,0.0,112.50355886756388,4
4NZvixzsSefsNiIqXn0NDe,Faye Webster,Developing,track_4NZvixzsSefsNiIqXn0NDe_4,Faye Webster Hit 5,Faye Webster Album,2024-01-01,40,204442,False,0.4442184268734041,0.3237448369078109,3,-5.495665299048849,1,0.04069653843002934,0.405507431736003,0.02385343626807972,0.3685665424892018,0.5683400767261875,99.10851560286568,4
4NZvixzsSefsNiIqXn0NDe,Faye Webster,Developing,track_4NZvixzsSefsNiIqXn0NDe_5,Faye Webster Hit 6,Faye Webster Album,2025-01-01,42,222460,False,0.33947753871839614,0.634352281531347,5,-6.1782462590664675,1,0.01119988305307315,0.485481498357761,0.0,0.2744898449393693,0.24717117299446756,98.13126835807176,4
4NZvixzsSefsNiIqXn0NDe,Faye Webster,Developing,track_4NZvixzsSefsNiIqXn0NDe_6,Faye Webster Hit 7,Faye Webster Album,2022-01-01,41,213536,False,0.7293650114333036,0.7181016185484047,8,-5.713312234808221,1,0.04356885014936525,0.07926603429392615,0.016921077567244265,0.12198008708825374,0.766114980807808,96.06422707147377,4
4NZvixzsSefsNiIqXn0NDe,Faye Webster,Developing,track_4NZvixzsSefsNiIqXn0NDe_7,Faye Webster Hit 8,Faye Webster Album,2021-01-01,57,186645,False,0.7340546534083666,0.8285907740217539,2,-2.3407595965678256,0,0.21408259182694214,0.17647166461326064,0.0,0.011998996609223628,0.6425424057722663,82.33699583882833,4
4NZvixzsSefsNiIqXn0NDe,Faye Webster,Developing,track_4NZvixzsSefsNiIqXn0NDe_8,Faye Webster Hit 9,Faye Webster Album,2021-01-01,53,205522,True,0.5441521420593115,0.7374626374077922,4,-9.340010948749784,0,0.07341690498401662,0.5939165074721773,0.0795427286564885,0.26634477291515113,0.3551506935883319,131.72665951156273,4
4NZvixzsSefsNiIqXn0NDe,Faye Webster,Developing,track_4NZvixzsSefsNiIqXn0NDe_9,Faye Webster Hit 10,Faye Webster Album,2020-01-01,51,192342,False,0.5405810853016156,0.5593788264038575,9,-4.2105529707057245,0,0.18336120557755686,0.6046477243424517,0.12356219972457468,0.378179890877106,0.1686753584644452,109.51103727474697,4
0c173mlxpT3ui454x5F8mR,Maude Latour,Developing,track_0c173mlxpT3ui454x5F8mR_0,Maude Latour Hit 1,Maude Latour Album,2021-01-01,45,232603,False,0.48970448089770713,0.7942958647514686,11,-6.322123006027604,1,0.12025202717185932,0.1383563182426727,0.12099291292005268,0.3072886742992894,0.5650873718867621,114.27662726624058,4
0c173mlxpT3ui454x5F8mR,Maude Latour,Developing,track_0c173mlxpT3ui454x5F8mR_1,Maude Latour Hit 2,Maude Latour Album,2023-01-01,37,235106,True,0.2827700557474514,0.6081957800697281,11,-4.933029846350944,1,0.046457379065778064,0.6822838174279446,0.0,0.2189479821221081,0.7014887946390397,94.90154663995415,4
0c173mlxpT3ui454x5F8mR,Maude Latour,Developing,track_0c173mlxpT3ui454x5F8mR_2,Maude Latour Hit 3,Maude Latour Album,2022-01-01,47,236373,False,0.6277065712171624,0.837583107502131,6,-7.546166911140962,1,0.10002500325168148,0.3752643554062366,0.08112158979514895,0.21331069024639632,0.4735513891753234,88.15712944411345,4
0c173mlxpT3ui454x5F8mR,Maude Latour,Developing,track_0c173mlxpT3ui454x5F8mR_3,Maude Latour Hit 4,Maude Latour Album,2024-01-01,52,219986,False,0.7311265375857484,0.7247536856186989,5,-3.7960866052051516,0,0.1421019198662353,0.1381423425511418,0.0,0.16246230444069124,0.3871245571962958,118.57814748625471,4
0c173mlxpT3ui454x5F8mR,Maude Latour,Developing,track_0c173mlxpT3ui454x5F8mR_4,Maude Latour Hit 5,Maude Latour Album,2021-01-01,52,214911,False,0.6948663699551771,0.7079904881499697,6,-9.940000910837748,1,0.13543593367589657,0.2833212757742233,0.0,0.2682636083568706,0.4370672765306438,93.03692851963469,4
0c173mlxpT3ui454x5F8mR,Maude Latour,Developing,track_0c173mlxpT3ui454x5F8mR_5,Maude Latour Hit 6,Maude Latour Album,2025-01-01,44,192175,False,0.7383845275272213,0.7772731455505861,4,-6.654640392549712,0,0.1291977497439067,0.0,0.18321891107607857,0.22265919914928106,0.8117442425686874,98.25855246860974,4
0c173mlxpT3ui454x5F8mR,Maude Latour,Developing,track_0c173mlxpT3ui454x5F8mR_6,Maude Latour Hit 7,Maude Latour Album,2024-01-01,41,246358,False,0.5345460796922639,0.16842633461462286,11,-6.063024648846046,0,0.11373709513731725,0.28192519377631176,0.14773185160643293,0.1738905901537424,0.10074474702571679,117.57806623068413,4
0c173mlxpT3ui454x5F8mR,Maude Latour,Developing,track_0c173mlxpT3ui454x5F8mR_7,Maude Latour Hit 8,Maude Latour Album,2021-01-01,48,196032,True,0.2989831968350278,0.7042781961995396,2,-3.8856140020301684,0,0.05415362273350353,0.3653248435130268,0.22320492913680817,0.2702881798595122,0.7071449285166065,136.39456663382023,4
0c173mlxpT3ui454x5F8mR,Maude Latour,Developing,track_0c173mlxpT3ui454x5F8mR_8,Maude Latour Hit 9,Maude Latour Album,2022-01-01,39,216220,False,0.5999821277161359,0.8666680875822632,5,-5.764230987793289,0,0.09143245035981908,0.7172094099074228,0.0,0.16385372333060144,0.5832892076202906,118.92190301988522,4
0c173mlxpT3ui454x5F8mR,Maude Latour,Developing,track_0c173mlxpT3ui454x5F8mR_9,Maude Latour Hit 10,Maude Latour Album,2024-01-01,37,188705,False,0.45265446294340284,0.8743715712460942,3,-1.3599185559654812,1,0.15902454389864806,0.7556803973058456,0.1157364963389571,0.072959125602057,0.8941728541435598,119.61062601845806,4
3CZqomH6KpJZBqQGzMqDh4,Samia,Developing,track_3CZqomH6KpJZBqQGzMqDh4_0,Samia Hit 1,Samia Album,2024-01-01,34,195358,False,0.47434358521575454,0.4341215085801292,9,-8.207275742498796,0,0.10678160043879767,0.5799189290291586,0.0,0.0634175844584561,0.4702061380465406,130.05568853790388,4
3CZqomH6KpJZBqQGzMqDh4,Samia,Developing,track_3CZqomH6KpJZBqQGzMqDh4_1,Samia Hit 2,Samia Album,2023-01-01,34,194596,False,0.8694541234390445,0.7912157827630264,4,-6.485362553624067,1,0.07425203703396549,0.47421514576911905,0.05960586419514204,0.23497977272536225,0.5406298403182415,129.9355114753382,4
3CZqomH6KpJZBqQGzMqDh4,Samia,Developing,track_3CZqomH6KpJZBqQGzMqDh4_2,Samia Hit 3,Samia Album,2025-01-01,45,242516,True,0.45323156199011894,0.35977872256599835,8,-7.0387927436522535,1,0.08295460613269601,0.0,0.14435668819007447,0.18587774643457494,0.7680565140667982,119.97706421849072,4
3CZqomH6KpJZBqQGzMqDh4,Samia,Developing,track_3CZqomH6KpJZBqQGzMqDh4_3,Samia Hit 4,Samia Album,2023-01-01,42,209975,True,0.49168980105065585,0.7116171321518281,5,-6.060770979019972,1,0.1756672251069735,0.5963031585683166,0.0,0.10648331701567149,0.04502264723552751,96.12915451129939,4
3CZqomH6KpJZBqQGzMqDh4,Samia,Developing,track_3CZqomH6KpJZBqQGzMqDh4_4,Samia Hit 5,Samia Album,2025-01-01,40,217599,False,0.5025722683644253,0.7321123230453888,0,-6.154886921451987,0,0.04023531182003777,0.10063653950060708,0.05647597617045657,0.1598012442324365,0.6460724380667893,129.65388103232308,4
3CZqomH6KpJZBqQGzMqDh4,Samia,Developing,track_3CZqomH6KpJZBqQGzMqDh4_5,Samia Hit 6,Samia Album,2022-01-01,37,182573,False,0.46087317097118935,0.6717042552144713,5,-6.835676648242707,1,0.06153449877540326,0.24773418810970643,0.017056086290787656,0.14858474834792565,0.554503165164182,82.80440894058184,4
3CZqomH6KpJZBqQGzMqDh4,Samia,Developing,track_3CZqomH6KpJZBqQGzMqDh4_6,Samia Hit 7,Samia Album,2021-01-01,41,240774,True,0.7321071582009726,0.9887101581430711,8,-9.153992964381995,1,0.05985877780245789,0.5124032353591075,0.06675176125300425,0.33740213421331244,0.19143737158600654,80.17355905239579,4
3CZqomH6KpJZBqQGzMqDh4,Samia,Developing,track_3CZqomH6KpJZBqQGzMqDh4_7,Samia Hit 8,Samia Album,2025-01-01,43,231693,False,0.639077613278063,0.7052992286747767,5,-12.679000356508485,0,0.030402687964842176,0.09779164707803781,0.10957878015993597,0.09825949787102917,0.30337557308363167,87.62389382284641,4
3CZqomH6KpJZBqQGzMqDh4,Samia,Developing,track_3CZqomH6KpJZBqQGzMqDh4_8,Samia Hit 9,Samia Album,2021-01-01,41,236133,False,0.7903364463773739,0.736926473094127,2,-0.73292411993679,0,0.12658724415628295,0.37973903672444753,0.0010760767000905364,0.04538378803891013,0.7305889103645729,127.21030429888995,4
3CZqomH6KpJZBqQGzMqDh4,Samia,Developing,track_3CZqomH6KpJZBqQGzMqDh4_9,Samia Hit 10,Samia Album,2024-01-01,44,218243,False,0.37905204183873664,0.8879782107749982,6,-9.20080712351574,0,0.09112897808957517,0.02889410008474641,0.0864250212222989,0.2226459031113447,0.4148422314170403,129.42211599724973,4
1ASIN6bRNMnkSq8J1F9S4r,Mk.gee,Developing,track_1ASIN6bRNMnkSq8J1F9S4r_0,Mk.gee Hit 1,Mk.gee Album,2021-01-01,48,202180,False,0.3939000678865041,0.5961994448233783,3,-3.7170713640554984,1,0.07203350309313775,0.0,0.0,0.18889811263928455,0.5242509366207864,115.33134402712209,4
1ASIN6bRNMnkSq8J1F9S4r,Mk.gee,Developing,track_1ASIN6bRNMnkSq8J1F9S4r_1,Mk.gee Hit 2,Mk.gee Album,2021-01-01,53,181622,True,0.5938808265322558,0.5681766772689497,5,-6.0370092064593255,1,0.12495448975266614,0.4126919908366478,0.1291209039012881,0.14917396491048693,0.06468378287517679,134.8327949292955,4
1ASIN6bRNMnkSq8J1F9S4r,Mk.gee,Developing,track_1ASIN6bRNMnkSq8J1F9S4r_2,Mk.gee Hit 3,Mk.gee Album,2025-01-01,59,209402,False,0.6646681446146113,0.522941679062782,2,-6.25530936303638,0,0.0719696181576345,0.1342144773990209,0.0,0.17685150139997877,0.49759758534010734,120.96560560798814,4
1ASIN6bRNMnkSq8J1F9S4r,Mk.gee,Developing,track_1ASIN6bRNMnkSq8J1F9S4r_3,Mk.gee Hit 4,Mk.gee Album,2023-01-01,52,227924,True,0.5355588834062814,0.6900479146922959,8,-5.983441451333133,1,0.07424958618221542,0.23552828983095148,0.0,0.3351502903456121,0.6823530645684006,85.33232275890171,4
1ASIN6bRNMnkSq8J1F9S4r,Mk.gee,Developing,track_1ASIN6bRNMnkSq8J1F9S4r_4,Mk.gee Hit 5,Mk.gee Album,2024-01-01,48,215737,False,0.29026718069296703,0.26015374336694697,1,-6.182799115018229,1,0.09595607510672693,0.4569981157692313,0.1616275663755115,0.3105631691524071,0.6843406970200707,114.74919353435877,4
1ASIN6bRNMnkSq8J1F9S4r,Mk.gee,Developing,track_1ASIN6bRNMnkSq8J1F9S4r_5,Mk.gee Hit 6,Mk.gee Album,2025-01-01,51,218709,False,0.5247951870774071,0.45756216400386296,11,-4.995105466541985,0,0.15737696067969476,0.15429568919712944,0.22815366819670446,0.09946939765185335,0.4296855842799746,121.17174275084706,4
1ASIN6bRNMnkSq8J1F9S4r,Mk.gee,Developing,track_1ASIN6bRNMnkSq8J1F9S4r_6,Mk.gee Hit 7,Mk.gee Album,2022-01-01,61,233276,False,0.6078477821733724,0.7481657001236192,7,-7.8491282287562,0,0.020120041520228393,0.04771620164971985,0.10073410218928747,0.10653212895167452,0.5422915507734472,142.30933366190425,4
1ASIN6bRNMnkSq8J1F9S4r,Mk.gee,Developing,track_1ASIN6bRNMnkSq8J1F9S4r_7,Mk.gee Hit 8,Mk.gee Album,2022-01-01,61,204762,True,0.5001819100453655,1.0,6,-7.981390241888199,0,0.07688713599595744,0.4815236553600414,0.0612362126925804,0.20455897035030088,0.48452773047616615,155.1683571475825,4
1ASIN6bRNMnkSq8J1F9S4r,Mk.gee,Developing,track_1ASIN6bRNMnkSq8J1F9S4r_8,Mk.gee Hit 9,Mk.gee Album,2022-01-01,63,233302,False,0.8048757908334695,0.7989792836894195,5,-4.99951906112686,1,0.07331998467804166,0.17906758650095683,0.13257263629471788,0.12285303547785073,0.7793923160915679,104.79638537542533,4
1ASIN6bRNMnkSq8J1F9S4r,Mk.gee,Developing,track_1ASIN6bRNMnkSq8J1F9S4r_9,Mk.gee Hit 10,Mk.gee Album,2025-01-01,60,201792,True,0.6057760473743639,0.711224140202392,7,-4.431400460554769,1,0.15180957471959555,0.6070936899869048,0.0,0.21037728368004363,0.7563984506188609,132.66189869410755,4
0YrpP0JTNKlbON61fOqI2k,Ethel Cain,Developing,track_0YrpP0JTNKlbON61fOqI2k_0,Ethel Cain Hit 1,Ethel Cain Album,2023-01-01,38,247298,False,0.6762848816037479,0.9761163940660126,9,-7.163564066784108,1,0.04130600177955138,0.483941058645433,0.15578685276747384,0.26521218714555367,0.5264675654706729,95.08958820997329,4
0YrpP0JTNKlbON61fOqI2k,Ethel Cain,Developing,track_0YrpP0JTNKlbON61fOqI2k_1,Ethel Cain Hit 2,Ethel Cain Album,2020-01-01,44,218890,False,0.49050885811469286,0.42867611786374493,10,-4.85435798894747,0,0.07316384449584858,0.44322213961621987,0.0,0.19648467730681832,0.2915076766137529,144.52844329067403,4
0YrpP0JTNKlbON61fOqI2k,Ethel Cain,Developing,track_0YrpP0JTNKlbON61fOqI2k_2,Ethel Cain Hit 3,Ethel Cain Album,2021-01-01,55,181524,False,0.5182335014664994,0.9545961103819909,4,-4.625868408282168,0,0.17332704296393014,0.0,0.0,0.10716283301777803,0.6135514154172138,103.7887058074927,4
0YrpP0JTNKlbON61fOqI2k,Ethel Cain,Developing,track_0YrpP0JTNKlbON61fOqI2k_3,Ethel Cain Hit 4,Ethel Cain Album,2020-01-01,56,214008,False,0.33958563621022514,0.6096359806130903,5,-5.3602277194509815,0,0.06605691032571127,0.23772971464479492,0.07056298146934877,0.09658630009432351,0.32212960138415847,147.56568187245347,4
0YrpP0JTNKlbON61fOqI2k,Ethel Cain,Developing,track_0YrpP0JTNKlbON61fOqI2k_4,Ethel Cain Hit 5,Ethel Cain Album,2021-01-01,50,204354,False,0.5455865200800666,0.5396878382151981,0,-5.541850623588595,0,0.15371590063577809,0.503918362606159,0.0,0.2442079036801008,0.7442262157052987,99.38621197159063,4
0YrpP0JTNKlbON61fOqI2k,Ethel Cain,Developing,track_0YrpP0JTNKlbON61fOqI2k_5,Ethel Cain Hit 6,Ethel Cain Album,2024-01-01,45,200581,False,0.47071726065075903,0.4611608711246805,11,-6.9717253768086085,1,0.059231218584193945,0.08675301362015497,0.26247714030169617,0.3331339061988403,0.8840735004288522,95.54209960888872,4
0YrpP0JTNKlbON61fOqI2k,Ethel Cain,Developing,track_0YrpP0JTNKlbON61fOqI2k_6,Ethel Cain Hit 7,Ethel Cain Album,2022-01-01,52,249626,False,0.6106880624866339,0.39129847495918085,3,-6.508496262825467,0,0.10206842719994452,0.5673840875129427,0.16825657270608713,0.18926452092859836,0.6998838065355822,158.06585375454318,4
0YrpP0JTNKlbON61fOqI2k,Ethel Cain,Developing,track_0YrpP0JTNKlbON61fOqI2k_7,Ethel Cain Hit 8,Ethel Cain Album,2020-01-01,47,216408,False,0.7131113899737134,0.7459359479019927,9,-5.602100607033381,0,0.05133105809864827,0.5014266672946319,0.08361449630262288,0.17725237400465924,0.3352129026056001,105.61781097101628,4
0YrpP0JTNKlbON61fOqI2k,Ethel Cain,Developing,track_0YrpP0JTNKlbON61fOqI2k_8,Ethel Cain Hit 9,Ethel Cain Album,2023-01-01,41,180338,False,0.9074718143678888,0.6501365637914965,9,-1.9759317380787786,1,0.10680864415324134,0.4119400944822844,0.0687538784413962,0.30043766347631323,0.35989263439809227,135.20236752512722,4
0YrpP0JTNKlbON61fOqI2k,Ethel Cain,Developing,track_0YrpP0JTNKlbON61fOqI2k_9,Ethel Cain Hit 10,Ethel Cain Album,2024-01-01,40,181750,False,0.7581618168329117,0.6309380557901298,0,-5.166140993470367,0,0.1597381430938469,0.47892943751477446,0.0,0.2351479900352202,0.10435495012503793,120.93869804120739,4
5a2EaR3hamoenG9rDuLzsL,Gracie Abrams,Developing,track_5a2EaR3hamoenG9rDuLzsL_0,Gracie Abrams Hit 1,Gracie Abrams Album,2025-01-01,55,195896,False,0.8846650525118965,0.46042145654620276,4,-7.002738543335637,0,0.029097003901553176,0.4642908858506811,0.05456164293215439,0.24648021308319776,0.5892061910504252,107.44034827034724,4
5a2EaR3hamoenG9rDuLzsL,Gracie Abrams,Developing,track_5a2EaR3hamoenG9rDuLzsL_1,Gracie Abrams Hit 2,Gracie Abrams Album,2023-01-01,48,207935,False,0.7576775670224859,0.5399724577043862,2,-5.182301962002517,1,0.0904921028130636,0.3113485134324108,0.06544839957190612,0.21103211058471907,0.6603661965089839,108.06023218048456,4
5a2EaR3hamoenG9rDuLzsL,Gracie Abrams,Developing,track_5a2EaR3hamoenG9rDuLzsL_2,Gracie Abrams Hit 3,Gracie Abrams Album,2020-01-01,56,224813,True,0.6272511409355207,0.49821903209592,2,-6.75468415389562,0,0.1358641790579388,0.3625124346915485,0.09071054154460675,0.24367435407834823,0.4520003564706886,112.1134540152965,4
5a2EaR3hamoenG9rDuLzsL,Gracie Abrams,Developing,track_5a2EaR3hamoenG9rDuLzsL_3,Gracie Abrams Hit 4,Gracie Abrams Album,2020-01-01,44,221786,False,0.577221995741026,0.4220616589905585,2,-4.56345118605108,1,0.14949300702929996,0.17696246485687855,0.037110081588181035,0.23406541364121414,0.7406095704411849,135.5084746617875,4
5a2EaR3hamoenG9rDuLzsL,Gracie Abrams,Developing,track_5a2EaR3hamoenG9rDuLzsL_4,Gracie Abrams Hit 5,Gracie Abrams Album,2021-01-01,43,205510,False,0.7225301954298393,0.564746288664715,8,-5.932064775297035,1,0.10844613116661374,0.07139613758525426,0.13201581867554846,0.19353113949674816,0.514574819603103,121.46393982003389,4
5a2EaR3hamoenG9rDuLzsL,Gracie Abrams,Developing,track_5a2EaR3hamoenG9rDuLzsL_5,Gracie Abrams Hit 6,Gracie Abrams Album,2022-01-01,53,246150,True,0.577463551680261,0.888341499421413,11,-6.167435919698424,0,0.11694457991092609,0.23317271030803144,0.0,0.2211600380588507,0.5182201733212245,156.13069342918666,4
5a2EaR3hamoenG9rDuLzsL,Gracie Abrams,Developing,track_5a2EaR3hamoenG9rDuLzsL_6,Gracie Abrams Hit 7,Gracie Abrams Album,2022-01-01,51,237132,True,0.4709710956866252,1.0,4,-6.3009287996461465,1,0.13338303963234618,0.5436389423508512,0.1557368305378225,0.2872197000072978,0.4369826537611783,108.56507916087877,4
5a2EaR3hamoenG9rDuLzsL,Gracie Abrams,Developing,track_5a2EaR3hamoenG9rDuLzsL_7,Gracie Abrams Hit 8,Gracie Abrams Album,2024-01-01,52,182983,False,0.6498911265486296,0.8366256144682139,5,-6.445441401553214,0,0.15325859828571933,0.5905233490972359,0.0,0.11630792962037201,0.4719249882189327,126.15225336378393,4
5a2EaR3hamoenG9rDuLzsL,Gracie Abrams,Developing,track_5a2EaR3hamoenG9rDuLzsL_8,Gracie Abrams Hit 9,Gracie Abrams Album,2023-01-01,56,236846,False,0.5213149479349424,0.9204405357734289,3,-5.151866276963098,1,0.10197235241203698,0.3377692714261828,0.0,0.16303029440289135,0.4269803554518673,109.78374348460777,4
5a2EaR3hamoenG9rDuLzsL,Gracie Abrams,Developing,track_5a2EaR3hamoenG9rDuLzsL_9,Gracie Abrams Hit 10,Gracie Abrams Album,2023-01-01,50,207345,False,0.5938591007071743,0.6061038893571343,7,-7.972653527850115,0,0.09092754653762417,0.27873259949373697,0.14955815140020298,0.3703172609918038,0.17239418851279664,84.27249069290627,4
4NZvixzsSefsNiIqXn0NDe2,Faye Webster,Developing,track_4NZvixzsSefsNiIqXn0NDe2_0,Faye Webster Hit 1,Faye Webster Album,2024-01-01,54,232393,False,0.5066947791668428,0.7665475166347729,1,-7.990807206049495,0,0.1913630752478507,0.3404653629768283,0.10420899248003734,0.11603797267449517,0.7195544041943266,110.530757536489,4
4NZvixzsSefsNiIqXn0NDe2,Faye Webster,Developing,track_4NZvixzsSefsNiIqXn0NDe2_1,Faye Webster Hit 2,Faye Webster Album,2022-01-01,51,207788,False,0.7021148622983351,0.4906121479085952,9,-0.7037120284930269,0,0.10644670956239075,0.11094946838450456,0.0,0.21077041477917308,0.6102789099182795,134.0538476963753,4
4NZvixzsSefsNiIqXn0NDe2,Faye Webster,Developing,track_4NZvixzsSefsNiIqXn0NDe2_2,Faye Webster Hit 3,Faye Webster Album,2022-01-01,57,196371,True,0.6892167893736879,0.7236323390106916,6,-6.239882547252945,1,0.13702035611886187,0.08702831905400951,0.0,0.21275423943705105,0.45536576570531595,100.48858868154103,4
4NZvixzsSefsNiIqXn0NDe2,Faye Webster,Developing,track_4NZvixzsSefsNiIqXn0NDe2_3,Faye Webster Hit 4,Faye Webster Album,2020-01-01,52,192984,False,0.7162971315779469,0.706608964027296,1,-5.662142017258292,0,0.05793344190955118,0.48674805850746755,0.0,0.22093904666928169,0.8324020792544067,113.35484510621299,4
4NZvixzsSefsNiIqXn0NDe2,Faye Webster,Developing,track_4NZvixzsSefsNiIqXn0NDe2_4,Faye Webster Hit 5,Faye Webster Album,2023-01-01,49,190616,False,0.7441053211078792,0.7637418032071346,0,-5.445283076070648,1,0.09888605104081434,0.42945349728809756,0.0,0.29096515395588257,0.3579626101116576,115.19544267455102,4
4NZvixzsSefsNiIqXn0NDe2,Faye Webster,Developing,track_4NZvixzsSefsNiIqXn0NDe2_5,Faye Webster Hit 6,Faye Webster Album,2020-01-01,57,192676,False,0.7374076984677467,0.5668980967220618,9,-4.705182242850395,1,0.07923415589323884,0.4711472862350448,0.0,0.2159743367050745,0.36449658562324055,117.7802605645653,4
4NZvixzsSefsNiIqXn0NDe2,Faye Webster,Developing,track_4NZvixzsSefsNiIqXn0NDe2_6,Faye Webster Hit 7,Faye Webster Album,2020-01-01,61,213933,True,0.5073483766857604,0.4005608791413139,5,-5.472143692990226,0,0.18458010826887067,0.08873440013885167,0.0,0.10794171059941211,0.40150192183326694,112.3040893165387,4
4NZvixzsSefsNiIqXn0NDe2,Faye Webster,Developing,track_4NZvixzsSefsNiIqXn0NDe2_7,Faye Webster Hit 8,Faye Webster Album,2021-01-01,60,212913,True,0.6432948226347569,0.4717566103916201,11,-5.360734648165047,1,0.10905313713855412,0.5606556074632127,0.10861658003927833,0.15875861817835196,0.5514397940711855,115.18669650939574,4
4NZvixzsSefsNiIqXn0NDe2,Faye Webster,Developing,track_4NZvixzsSefsNiIqXn0NDe2_8,Faye Webster Hit 9,Faye Webster Album,2020-01-01,48,215400,True,0.6011820277042093,0.5848777895702993,0,-5.981547131711346,0,0.16294416866447647,0.17215388774397358,0.0,0.11477983686784164,0.20744673857777585,138.6548721669116,4
4NZvixzsSefsNiIqXn0NDe2,Faye Webster,Developing,track_4NZvixzsSefsNiIqXn0NDe2_9,Faye Webster Hit 10,Faye Webster Album,2020-01-01,60,223001,False,0.2650081770966353,0.7476209635438612,9,-7.736127813350461,1,0.10173568743762809,0.0,0.11549755842216898,0.281079864559171,0.30122746503302933,128.40383085789983,4
